-- phpMyAdmin SQL Dump
-- version 4.2.7.1
-- http://www.phpmyadmin.net
--
-- Host: 127.0.0.1
-- Czas generowania: 03 Wrz 2014, 11:04
-- Wersja serwera: 5.6.20
-- Wersja PHP: 5.5.15

SET SQL_MODE = "NO_AUTO_VALUE_ON_ZERO";
SET time_zone = "+00:00";


/*!40101 SET @OLD_CHARACTER_SET_CLIENT=@@CHARACTER_SET_CLIENT */;
/*!40101 SET @OLD_CHARACTER_SET_RESULTS=@@CHARACTER_SET_RESULTS */;
/*!40101 SET @OLD_COLLATION_CONNECTION=@@COLLATION_CONNECTION */;
/*!40101 SET NAMES utf8 */;

--
-- Baza danych: `digallery_local`
--

-- --------------------------------------------------------

--
-- Struktura tabeli dla tabeli `captcha`
--

CREATE TABLE IF NOT EXISTS `captcha` (
`captcha_id` bigint(13) unsigned NOT NULL,
  `captcha_time` int(10) unsigned NOT NULL,
  `ip_address` varchar(16) COLLATE utf8_polish_ci NOT NULL DEFAULT '0',
  `word` varchar(20) COLLATE utf8_polish_ci NOT NULL
) ENGINE=InnoDB  DEFAULT CHARSET=utf8 COLLATE=utf8_polish_ci AUTO_INCREMENT=366 ;

--
-- Zrzut danych tabeli `captcha`
--

INSERT INTO `captcha` (`captcha_id`, `captcha_time`, `ip_address`, `word`) VALUES
(365, 1360447496, '192.168.0.100', '6v2n2bh7');

-- --------------------------------------------------------

--
-- Struktura tabeli dla tabeli `comments`
--

CREATE TABLE IF NOT EXISTS `comments` (
`id` int(10) unsigned NOT NULL,
  `commenting_time` timestamp NOT NULL DEFAULT '0000-00-00 00:00:00',
  `type` enum('image','profile','gallery') COLLATE utf8_polish_ci NOT NULL,
  `object_id` int(10) unsigned NOT NULL,
  `user_id` int(11) unsigned DEFAULT NULL,
  `comment` varchar(250) COLLATE utf8_polish_ci NOT NULL,
  `last_edit` timestamp NULL DEFAULT NULL ON UPDATE CURRENT_TIMESTAMP
) ENGINE=InnoDB  DEFAULT CHARSET=utf8 COLLATE=utf8_polish_ci AUTO_INCREMENT=232 ;

--
-- Zrzut danych tabeli `comments`
--

INSERT INTO `comments` (`id`, `commenting_time`, `type`, `object_id`, `user_id`, `comment`, `last_edit`) VALUES
(14, '2012-11-19 15:48:03', 'image', 58, 11, 'g', NULL),
(15, '2012-11-19 15:48:05', 'image', 58, 11, 'g', NULL),
(16, '2012-11-19 15:48:08', 'image', 58, 11, 'g', NULL),
(17, '2012-11-19 15:48:30', 'image', 58, 11, 'b', NULL),
(18, '2012-11-19 15:48:33', 'image', 58, 11, 'f', NULL),
(19, '2012-11-19 15:48:36', 'image', 58, 11, 'f', NULL),
(20, '2012-11-19 15:48:39', 'image', 58, 11, 'bv', NULL),
(21, '2012-11-19 15:48:41', 'image', 58, 11, 'dfg', NULL),
(22, '2012-11-19 15:48:45', 'image', 58, 11, 'dfg', NULL),
(23, '2012-11-19 15:48:47', 'image', 58, 11, 'dfg', NULL),
(24, '2012-11-19 15:48:49', 'image', 58, 11, 'd', NULL),
(25, '2012-11-19 15:48:53', 'image', 58, 11, 'ertertert', NULL),
(26, '2012-11-19 15:48:55', 'image', 58, 11, '343', NULL),
(27, '2012-11-19 15:49:03', 'image', 58, 11, 'erter', NULL),
(28, '2012-11-19 15:49:05', 'image', 58, 11, 'ertertert', NULL),
(29, '2012-11-19 15:49:08', 'image', 58, 11, '345345345', NULL),
(30, '2012-11-19 15:49:11', 'image', 58, 11, 'bccbcbc', NULL),
(32, '2012-11-19 15:50:53', 'image', 75, 11, 'Black box stare dobre czasy... ;-)', '2012-12-07 16:57:19'),
(34, '2012-11-19 15:56:39', 'image', 58, 11, '46546', NULL),
(43, '2012-11-25 12:56:35', 'image', 74, 11, '12332 jj3333333ggttgggvvvggffvbvvbvbnvbnrtyyrty', '2012-11-25 14:20:42'),
(45, '2012-12-10 14:12:01', 'image', 74, 10, 'gerg222', '2012-12-10 14:12:11'),
(47, '2012-12-14 17:17:01', 'image', 58, 10, '46465', NULL),
(49, '2012-12-15 14:40:07', 'image', 58, 11, 'kjhhkkj', NULL),
(50, '2012-12-15 14:40:16', 'image', 58, 11, '1125478', NULL),
(52, '2012-12-15 14:41:36', 'image', 58, 10, 'Jakis komentarz4', '2012-12-15 14:43:21'),
(54, '2012-12-15 14:42:07', 'image', 58, 10, 'pol2', '2012-12-15 14:43:02'),
(55, '2012-12-15 14:44:09', 'image', 58, 10, '123456789', NULL),
(56, '2012-12-15 14:47:03', 'image', 74, 1, 'jhgjh', NULL),
(58, '2012-12-15 15:20:00', 'image', 58, 11, '131313 jkjk\n', '2012-12-15 15:20:12'),
(59, '2012-12-15 15:20:36', 'image', 82, 11, 'lkl', NULL),
(61, '2012-12-15 15:35:50', 'image', 88, 11, '3213233', NULL),
(64, '2012-12-15 21:03:29', 'image', 74, 11, '132\n', NULL),
(65, '2012-12-15 21:12:02', 'image', 89, 1, '456666', NULL),
(66, '2012-12-15 21:52:34', 'image', 86, 1, 'OK! Super.!!!!', '2012-12-16 11:48:42'),
(67, '2012-12-16 11:46:49', 'image', 91, 1, '132', NULL),
(68, '2012-12-16 12:30:34', 'image', 88, 1, 'Słabe tylko dla testu', NULL),
(69, '2012-12-16 12:36:20', 'image', 88, 1, '...a tak serio to całkiem super ;-)', NULL),
(70, '2012-12-16 12:42:19', 'image', 84, 1, 'Super chruper', NULL),
(71, '2012-12-16 12:53:33', 'image', 92, 1, 'Legenda... ', NULL),
(79, '2012-12-27 23:03:35', 'image', 88, 11, 'cbvb', NULL),
(93, '2013-01-08 20:59:31', 'image', 86, 11, 'fghfgh.', '2013-01-08 20:59:39'),
(96, '2013-01-08 21:53:44', 'image', 92, 11, 'Polska nasza....', '2013-01-08 21:54:01'),
(101, '2012-05-07 11:13:13', 'profile', 11, 11, 'Test...', NULL),
(102, '2012-05-07 11:13:13', 'profile', 11, 11, 'Test...', NULL),
(103, '2012-05-07 11:13:13', 'profile', 11, 11, 'Test...', NULL),
(104, '2012-05-07 11:13:13', 'profile', 11, 11, 'sf', '2013-01-25 11:42:37'),
(105, '2012-05-07 11:13:13', 'profile', 11, 11, 'Test...', NULL),
(106, '2012-05-07 11:13:13', 'profile', 11, 11, 'Test...', NULL),
(107, '2012-05-07 11:13:13', 'profile', 11, 11, 'Test...', NULL),
(108, '2012-05-07 11:13:13', 'profile', 11, 11, 'Test...', NULL),
(109, '2012-05-07 11:13:13', 'profile', 11, 11, 'Test...', NULL),
(110, '2012-05-07 11:13:13', 'profile', 11, 11, 'Test...', NULL),
(111, '2012-05-07 11:13:13', 'profile', 11, 11, 'Test...', NULL),
(112, '2012-05-07 11:13:13', 'profile', 11, 11, 'Test...', NULL),
(113, '2012-05-07 11:13:13', 'profile', 11, 11, 'Test...', NULL),
(114, '2012-05-07 11:13:13', 'profile', 11, 11, 'Test...', NULL),
(115, '2012-05-07 11:13:13', 'profile', 11, 11, 'Test...', NULL),
(116, '2012-05-07 11:13:13', 'profile', 11, 11, 'Test...', NULL),
(117, '2012-05-07 11:13:13', 'profile', 11, 11, 'Test...', NULL),
(118, '2012-05-07 11:13:13', 'profile', 11, 11, 'Test...', NULL),
(119, '2012-05-07 11:13:13', 'profile', 11, 11, 'Test...', NULL),
(120, '2012-05-07 11:13:13', 'profile', 11, 11, 'Test...', NULL),
(121, '2012-05-07 11:13:13', 'profile', 11, 11, 'Test...', NULL),
(122, '2012-05-07 11:13:13', 'profile', 11, 11, 'Test...', NULL),
(123, '2012-05-07 11:13:13', 'profile', 11, 11, 'Test...', NULL),
(124, '2012-05-07 11:13:13', 'profile', 11, 11, 'Test...', NULL),
(125, '2012-05-07 11:13:13', 'profile', 11, 11, 'Test...', NULL),
(126, '2012-05-07 11:13:13', 'profile', 11, 11, 'Test...', NULL),
(127, '2012-05-07 11:13:13', 'profile', 11, 11, 'Test...', NULL),
(128, '2012-05-07 11:13:13', 'profile', 11, 11, 'Test...', NULL),
(129, '2012-05-07 11:13:13', 'profile', 11, 11, 'Test...', NULL),
(132, '2013-01-09 22:49:09', 'image', 96, 1, '.!.', '2013-01-09 22:49:39'),
(136, '2013-01-14 18:40:31', 'image', 105, 10, '123', NULL),
(137, '2013-01-14 18:43:23', 'image', 105, 10, '1234', NULL),
(144, '2013-01-14 19:46:16', 'gallery', 30, 10, 'Test komentowania galerii...', NULL),
(145, '2013-01-14 19:46:40', 'gallery', 30, 10, 'test2', NULL),
(146, '2013-01-14 19:46:52', 'gallery', 30, 10, 'Test3', NULL),
(153, '2013-01-17 08:21:11', 'image', 106, 11, '456', NULL),
(154, '2013-01-17 08:21:24', 'image', 106, 11, '1', NULL),
(155, '2013-01-17 21:13:23', 'gallery', 24, 11, '456564646', NULL),
(156, '2013-01-23 08:06:11', 'image', 105, 11, '456...', '2013-01-23 08:06:26'),
(157, '2013-01-23 08:06:17', 'image', 105, 11, '789', NULL),
(164, '2013-02-04 17:37:50', 'gallery', 22, 11, 'jjkjkjkjkjkjjjjkjhkjkhjhkjhkjkhjhkjkh\n', NULL),
(165, '2013-02-04 17:38:08', 'gallery', 22, 11, '122132323', NULL),
(166, '2013-02-04 17:38:16', 'gallery', 22, 11, '122132323', NULL),
(167, '2013-02-04 23:06:09', 'gallery', 30, 11, '1233', NULL),
(168, '2013-02-05 04:05:16', 'gallery', 27, 11, '13223', NULL),
(169, '2013-02-05 04:05:34', 'gallery', 27, 11, '12333', NULL),
(170, '2013-02-05 04:15:06', 'gallery', 30, 11, '123', NULL),
(171, '2013-02-05 04:15:26', 'gallery', 30, 11, '123', NULL),
(172, '2013-02-05 04:15:38', 'gallery', 30, 11, 'gfhfgh', NULL),
(173, '2013-02-05 04:15:59', 'gallery', 30, 11, 'test', NULL),
(177, '2013-02-21 16:53:25', 'gallery', 23, 11, '4655656.', '2013-03-03 22:02:48'),
(184, '2013-02-21 19:04:13', 'image', 96, 10, '2', NULL),
(186, '2013-02-22 01:21:12', 'profile', 11, 11, 'ok!.......YTYYTYTYT', '2013-02-26 16:21:11'),
(188, '2013-02-24 02:00:33', 'profile', 11, 11, 'test sygnaturki małej22', '2013-02-25 10:49:29'),
(189, '2013-02-26 01:54:20', 'gallery', 23, 1, 'Pierwszy komentarz pod galerią z motylkiem ;-).', NULL),
(190, '2013-02-26 01:56:40', 'image', 142, 1, 'Mistrz muzyki elektronicznej!', NULL),
(191, '2013-02-26 02:14:28', 'image', 75, 1, 'test\n', NULL),
(192, '2013-02-26 17:20:27', 'image', 101, 11, '2102020', NULL),
(193, '2013-02-26 20:19:30', 'image', 139, 17, 'Pierwszy komentarz', NULL),
(194, '2013-02-26 21:25:36', 'image', 142, 17, 'Komentarz do JARRA', NULL),
(195, '2013-02-26 22:48:20', 'image', 96, 17, 'Taki mordek.', '2013-02-26 22:48:39'),
(196, '2013-02-26 23:19:26', 'image', 96, 11, 'Jakiś komentarz własny', NULL),
(197, '2013-02-26 23:22:47', 'image', 96, 11, 'Jakiś komentarz drugi...', '2013-02-26 23:27:41'),
(199, '2013-02-26 23:31:35', 'image', 96, 11, 'kolejny komentarz\n', NULL),
(200, '2013-03-04 00:20:19', 'gallery', 30, 11, 'Test oceny galerii...', NULL),
(201, '2013-03-04 00:28:59', 'gallery', 30, 11, 'test', NULL),
(202, '2013-03-04 00:29:17', 'gallery', 30, 11, 'test3', NULL),
(203, '2013-03-04 00:29:25', 'gallery', 30, 11, 'test4', NULL),
(204, '2013-03-04 00:32:21', 'gallery', 30, 11, 'fh', NULL),
(205, '2013-03-04 00:38:01', 'gallery', 30, 11, 'fhfgh', NULL),
(206, '2013-03-04 00:40:47', 'gallery', 30, 11, 'OSTETCZNA PRÓBA OCENY!!!!', NULL),
(207, '2013-03-04 00:40:52', 'gallery', 30, 11, 'OSTETCZNA PRÓBA OCENY!!!!', NULL),
(208, '2013-03-04 00:40:57', 'gallery', 30, 11, 'OSTETCZNA PRÓBA OCENY!!!!', NULL),
(209, '2013-03-04 00:43:04', 'gallery', 30, 11, 'no dobra już wszystko poprawiłem... ;-)', NULL),
(210, '2013-03-04 00:44:16', 'gallery', 30, 11, 'no dobra już wszystko poprawiłem... ;-)', NULL),
(214, '2013-03-04 00:50:17', 'gallery', 30, 11, 'Znowu moge oceniać', NULL),
(215, '2013-03-04 00:55:56', 'gallery', 30, 11, 'ssdfsd', NULL),
(216, '2013-03-04 00:56:08', 'gallery', 30, 11, 'sdfsdf', NULL),
(218, '2013-03-04 08:47:57', 'image', 133, 10, '123', NULL),
(221, '2013-03-04 08:49:39', 'image', 133, 10, 'sfsdfsf', NULL),
(222, '2013-03-19 15:36:23', 'image', 142, 11, 'jfgjh', NULL),
(223, '2013-03-19 15:36:32', 'image', 142, 11, 'jfgjh', NULL),
(224, '2013-03-19 15:40:21', 'image', 142, 11, 'jfgjh', NULL),
(225, '2013-03-19 15:40:54', 'image', 142, 11, 'ddddddddddd', NULL),
(227, '2013-03-19 16:02:55', 'image', 142, 11, 'xv', NULL),
(228, '2013-03-27 18:48:22', 'image', 134, 11, 'Pierwszy', NULL),
(229, '2014-08-29 15:03:43', 'image', 138, 10, 'bbb', NULL),
(230, '2014-08-30 13:18:10', 'gallery', 27, 10, '456...\n\npo', '2014-08-30 13:18:59'),
(231, '2014-09-02 10:22:03', 'gallery', 30, 1, 'super', NULL);

-- --------------------------------------------------------

--
-- Struktura tabeli dla tabeli `downloads`
--

CREATE TABLE IF NOT EXISTS `downloads` (
`id` int(11) NOT NULL,
  `downloaded` timestamp NOT NULL DEFAULT CURRENT_TIMESTAMP,
  `image_id` int(10) unsigned NOT NULL
) ENGINE=InnoDB  DEFAULT CHARSET=utf8 COLLATE=utf8_polish_ci AUTO_INCREMENT=93 ;

--
-- Zrzut danych tabeli `downloads`
--

INSERT INTO `downloads` (`id`, `downloaded`, `image_id`) VALUES
(1, '2013-03-20 09:31:02', 142),
(2, '2013-03-20 10:22:45', 142),
(3, '2013-03-20 10:23:09', 142),
(4, '2013-03-20 10:23:22', 142),
(5, '2013-03-20 10:23:23', 142),
(6, '2013-03-20 10:23:23', 142),
(7, '2013-03-20 10:23:24', 142),
(8, '2013-03-20 13:18:20', 134),
(9, '2013-03-20 13:19:11', 141),
(10, '2013-03-20 15:12:20', 134),
(11, '2013-03-20 15:12:32', 134),
(12, '2013-03-20 15:13:58', 134),
(13, '2013-03-20 15:15:08', 134),
(14, '2013-03-20 15:15:28', 134),
(15, '2013-03-20 15:20:54', 136),
(16, '2013-03-20 15:22:09', 136),
(17, '2013-03-20 17:07:46', 134),
(18, '2013-03-20 17:07:52', 134),
(19, '2013-03-20 18:07:51', 138),
(20, '2013-03-21 10:51:12', 125),
(21, '2013-03-22 10:02:35', 136),
(22, '2013-03-22 10:02:42', 136),
(23, '2013-03-22 10:02:51', 136),
(24, '2013-03-22 14:27:24', 134),
(25, '2013-03-22 14:46:39', 141),
(26, '2013-03-24 08:16:55', 136),
(27, '2013-03-24 10:28:52', 133),
(28, '2013-03-24 10:28:59', 134),
(29, '2013-03-24 12:38:07', 134),
(30, '2013-03-24 12:38:53', 87),
(31, '2013-03-24 14:29:10', 105),
(32, '2013-03-24 14:30:57', 134),
(33, '2013-03-24 14:39:58', 136),
(34, '2013-03-24 14:40:04', 134),
(35, '2013-03-24 14:41:53', 138),
(36, '2013-03-24 15:01:10', 136),
(37, '2013-03-24 18:38:28', 134),
(38, '2013-03-24 19:06:10', 139),
(39, '2013-03-26 15:30:14', 134),
(40, '2013-03-26 15:37:07', 143),
(41, '2013-03-26 15:37:48', 143),
(42, '2013-03-26 15:38:15', 125),
(43, '2013-03-26 15:42:33', 76),
(44, '2013-03-27 18:08:25', 137),
(45, '2013-03-27 18:08:41', 137),
(46, '2013-03-27 18:09:04', 137),
(47, '2013-03-27 18:09:15', 137),
(48, '2013-03-27 18:10:59', 137),
(49, '2013-03-27 18:11:37', 137),
(50, '2013-03-27 18:11:59', 137),
(51, '2013-03-27 18:12:19', 137),
(52, '2013-03-27 21:19:54', 84),
(53, '2013-03-27 22:06:09', 88),
(54, '2013-03-27 22:28:19', 125),
(55, '2013-03-27 22:28:34', 133),
(56, '2013-04-02 20:25:36', 58),
(57, '2013-06-29 09:15:35', 143),
(58, '2013-06-29 11:09:26', 138),
(59, '2013-06-29 11:12:01', 88),
(60, '2013-06-29 12:38:12', 132),
(61, '2013-06-29 12:39:27', 143),
(62, '2013-06-29 14:03:51', 145),
(63, '2013-06-29 16:28:50', 84),
(64, '2013-06-29 16:30:22', 85),
(65, '2013-11-03 09:18:08', 134),
(66, '2013-11-14 19:46:15', 138),
(67, '2013-11-15 20:28:17', 144),
(68, '2013-11-15 20:29:23', 135),
(69, '2013-11-16 11:55:43', 76),
(70, '2013-11-16 12:15:02', 135),
(71, '2013-11-16 12:24:35', 137),
(72, '2013-11-16 17:26:16', 138),
(73, '2013-11-16 17:37:24', 142),
(74, '2014-08-25 09:21:07', 144),
(75, '2014-08-26 14:03:46', 143),
(76, '2014-08-26 14:04:50', 144),
(77, '2014-08-29 11:45:09', 143),
(78, '2014-08-29 11:48:51', 144),
(79, '2014-08-30 08:21:42', 138),
(80, '2014-08-30 08:22:01', 145),
(81, '2014-08-30 08:22:46', 146),
(82, '2014-08-30 08:58:02', 145),
(83, '2014-08-30 13:08:06', 102),
(84, '2014-08-30 13:10:34', 106),
(85, '2014-08-30 13:14:36', 96),
(86, '2014-08-30 15:05:16', 85),
(87, '2014-08-30 15:05:53', 138),
(88, '2014-08-30 18:53:32', 146),
(89, '2014-09-01 18:56:33', 136),
(90, '2014-09-02 05:12:32', 138),
(91, '2014-09-02 10:33:35', 145),
(92, '2014-09-03 09:03:42', 75);

-- --------------------------------------------------------

--
-- Struktura tabeli dla tabeli `favorites`
--

CREATE TABLE IF NOT EXISTS `favorites` (
`id` int(11) NOT NULL,
  `add_to_favorites` timestamp NOT NULL DEFAULT CURRENT_TIMESTAMP,
  `image_id` int(10) unsigned NOT NULL,
  `user_id` mediumint(8) unsigned NOT NULL
) ENGINE=InnoDB  DEFAULT CHARSET=utf8 COLLATE=utf8_polish_ci AUTO_INCREMENT=329 ;

--
-- Zrzut danych tabeli `favorites`
--

INSERT INTO `favorites` (`id`, `add_to_favorites`, `image_id`, `user_id`) VALUES
(158, '2012-09-24 19:00:19', 76, 10),
(199, '2012-09-27 02:26:07', 78, 11),
(200, '2012-09-27 02:30:29', 77, 11),
(210, '2012-09-27 21:27:34', 77, 10),
(224, '2012-10-07 08:18:43', 75, 10),
(250, '2012-11-19 15:58:01', 58, 11),
(256, '2012-11-25 10:35:49', 82, 11),
(262, '2012-11-28 17:10:35', 83, 11),
(265, '2012-12-07 16:57:42', 76, 11),
(266, '2012-12-14 11:00:15', 84, 11),
(267, '2012-12-14 13:54:24', 58, 10),
(269, '2012-12-15 11:58:35', 75, 11),
(270, '2012-12-15 12:19:21', 74, 11),
(272, '2012-12-16 11:47:36', 89, 1),
(275, '2012-12-16 12:53:43', 92, 1),
(276, '2012-12-16 13:57:51', 88, 1),
(277, '2012-12-16 14:22:51', 93, 1),
(282, '2012-12-18 16:10:48', 87, 10),
(284, '2012-12-18 23:00:17', 96, 11),
(287, '2012-12-24 00:11:30', 97, 11),
(288, '2013-01-09 22:47:35', 96, 1),
(292, '2013-01-17 08:25:36', 101, 11),
(293, '2013-01-19 21:56:57', 104, 11),
(296, '2013-02-05 22:40:45', 105, 11),
(298, '2013-02-26 02:09:59', 139, 1),
(303, '2013-02-26 21:23:40', 142, 17),
(304, '2013-02-26 22:47:20', 96, 17),
(310, '2013-03-20 19:52:51', 133, 10),
(321, '2013-03-20 19:54:19', 135, 10),
(323, '2013-03-21 22:12:51', 108, 11),
(324, '2013-03-22 13:36:07', 142, 11),
(325, '2013-03-22 14:46:36', 106, 11),
(326, '2013-03-28 17:27:27', 136, 17),
(327, '2014-08-30 13:15:13', 96, 10);

-- --------------------------------------------------------

--
-- Struktura tabeli dla tabeli `galleries`
--

CREATE TABLE IF NOT EXISTS `galleries` (
`id` int(10) unsigned NOT NULL,
  `created` timestamp NOT NULL DEFAULT CURRENT_TIMESTAMP,
  `user_id` mediumint(8) unsigned NOT NULL,
  `name` varchar(50) COLLATE utf8_polish_ci NOT NULL,
  `description` varchar(250) COLLATE utf8_polish_ci DEFAULT NULL,
  `category_id` mediumint(8) unsigned NOT NULL,
  `can_comment` tinyint(1) unsigned NOT NULL DEFAULT '1',
  `can_evaluate` tinyint(1) unsigned NOT NULL DEFAULT '1',
  `hidden` tinyint(1) NOT NULL
) ENGINE=InnoDB  DEFAULT CHARSET=utf8 COLLATE=utf8_polish_ci AUTO_INCREMENT=33 ;

--
-- Zrzut danych tabeli `galleries`
--

INSERT INTO `galleries` (`id`, `created`, `user_id`, `name`, `description`, `category_id`, `can_comment`, `can_evaluate`, `hidden`) VALUES
(20, '2012-12-31 21:21:03', 11, '123', '', 2, 1, 1, 0),
(21, '2012-12-31 21:57:49', 11, 'Test111', 'dfgdfg', 2, 1, 1, 0),
(22, '2012-12-31 21:58:37', 11, 'Mega galeria', 'MEGA GALERIA', 2, 1, 1, 0),
(23, '2012-12-31 22:37:01', 11, 'Test drugi ;-)', 'Jakiś marny opis galerii...', 2, 1, 1, 0),
(24, '2012-12-31 22:40:31', 11, 'Test trzeci ;-)', 'Jakiś marny opis galerii...', 2, 1, 1, 0),
(25, '2012-12-31 23:23:07', 11, 'JM JARRE', 'Pingwiny z Jarem', 2, 1, 1, 0),
(26, '2013-01-01 13:02:52', 11, '1238', '', 2, 1, 1, 0),
(27, '2013-01-04 16:58:51', 11, 'Ostatni test ;-)', 'Test polska', 2, 1, 1, 0),
(29, '2013-01-13 21:12:50', 11, 'Najnowsza galeria ;-)', 'Jakaś testowa galeria po raz enty...', 2, 1, 1, 0),
(30, '2013-01-14 11:51:03', 10, 'Pejzaże', 'Pięć pejzaży...', 2, 1, 1, 0),
(31, '2013-04-17 20:50:03', 11, 'Zwierzaki', 'Zwierzaki', 2, 1, 1, 0),
(32, '2013-04-17 21:30:53', 11, 'Zwierzaki2', 'test zwierzaków zielonych stworków małych', 2, 1, 1, 0);

-- --------------------------------------------------------

--
-- Struktura tabeli dla tabeli `galleries_categories`
--

CREATE TABLE IF NOT EXISTS `galleries_categories` (
`id` mediumint(8) unsigned NOT NULL,
  `name_cat` varchar(25) COLLATE utf8_polish_ci NOT NULL,
  `short_name_cat` varchar(15) COLLATE utf8_polish_ci NOT NULL,
  `parent_cat_id` mediumint(8) unsigned DEFAULT NULL,
  `lft` int(8) unsigned NOT NULL DEFAULT '0',
  `rgt` int(8) unsigned NOT NULL DEFAULT '0'
) ENGINE=InnoDB  DEFAULT CHARSET=utf8 COLLATE=utf8_polish_ci AUTO_INCREMENT=3 ;

--
-- Zrzut danych tabeli `galleries_categories`
--

INSERT INTO `galleries_categories` (`id`, `name_cat`, `short_name_cat`, `parent_cat_id`, `lft`, `rgt`) VALUES
(1, 'Redakcyjne', 'editorials', NULL, 2, 3),
(2, 'Użytkowników', 'users', NULL, 4, 5);

-- --------------------------------------------------------

--
-- Struktura tabeli dla tabeli `galleries_evaluations`
--

CREATE TABLE IF NOT EXISTS `galleries_evaluations` (
`id` int(11) NOT NULL,
  `evaluation_time` timestamp NOT NULL DEFAULT CURRENT_TIMESTAMP,
  `gallery_id` int(10) unsigned NOT NULL,
  `user_id` mediumint(8) unsigned NOT NULL,
  `comment_id` int(10) unsigned NOT NULL,
  `rate` smallint(6) NOT NULL
) ENGINE=InnoDB  DEFAULT CHARSET=utf8 COLLATE=utf8_polish_ci AUTO_INCREMENT=2 ;

--
-- Zrzut danych tabeli `galleries_evaluations`
--

INSERT INTO `galleries_evaluations` (`id`, `evaluation_time`, `gallery_id`, `user_id`, `comment_id`, `rate`) VALUES
(1, '2014-08-30 13:18:10', 27, 10, 230, 5);

-- --------------------------------------------------------

--
-- Struktura tabeli dla tabeli `galleries_images`
--

CREATE TABLE IF NOT EXISTS `galleries_images` (
`id` int(10) unsigned NOT NULL,
  `gallery_id` int(10) unsigned NOT NULL,
  `image_id` int(10) unsigned NOT NULL,
  `order` smallint(5) unsigned NOT NULL
) ENGINE=InnoDB  DEFAULT CHARSET=utf8 COLLATE=utf8_polish_ci AUTO_INCREMENT=810 ;

--
-- Zrzut danych tabeli `galleries_images`
--

INSERT INTO `galleries_images` (`id`, `gallery_id`, `image_id`, `order`) VALUES
(137, 26, 85, 0),
(138, 26, 92, 1),
(139, 26, 89, 2),
(140, 26, 87, 3),
(141, 26, 58, 4),
(142, 26, 91, 5),
(186, 27, 84, 0),
(187, 27, 58, 1),
(188, 27, 83, 2),
(189, 27, 96, 3),
(231, 29, 88, 0),
(232, 29, 58, 1),
(233, 29, 87, 2),
(275, 24, 77, 0),
(276, 24, 58, 1),
(277, 24, 88, 2),
(278, 24, 78, 3),
(279, 24, 110, 4),
(280, 24, 89, 5),
(281, 24, 82, 6),
(282, 24, 93, 7),
(283, 24, 94, 8),
(284, 24, 74, 9),
(285, 24, 91, 10),
(286, 24, 84, 11),
(287, 24, 97, 12),
(288, 24, 96, 13),
(289, 24, 85, 14),
(290, 24, 87, 15),
(291, 24, 86, 16),
(292, 24, 90, 17),
(293, 24, 92, 18),
(294, 24, 83, 19),
(295, 25, 76, 0),
(296, 25, 96, 1),
(297, 25, 74, 2),
(298, 25, 86, 3),
(299, 25, 77, 4),
(300, 25, 91, 5),
(301, 25, 84, 6),
(302, 25, 88, 7),
(303, 25, 87, 8),
(304, 25, 58, 9),
(305, 25, 92, 10),
(574, 30, 105, 0),
(575, 30, 106, 1),
(576, 30, 104, 2),
(577, 30, 100, 3),
(578, 30, 101, 4),
(579, 30, 102, 5),
(580, 30, 99, 6),
(599, 23, 136, 0),
(600, 23, 132, 1),
(601, 23, 139, 2),
(602, 23, 76, 3),
(603, 23, 92, 4),
(604, 23, 74, 5),
(605, 23, 97, 6),
(606, 23, 96, 7),
(607, 23, 89, 8),
(608, 23, 88, 9),
(609, 23, 78, 10),
(610, 23, 107, 11),
(611, 23, 58, 12),
(612, 23, 87, 13),
(613, 23, 85, 14),
(614, 23, 86, 15),
(615, 23, 115, 16),
(616, 23, 133, 17),
(617, 20, 107, 0),
(618, 20, 74, 1),
(619, 20, 58, 2),
(688, 21, 58, 0),
(689, 21, 85, 1),
(690, 21, 107, 2),
(691, 21, 84, 3),
(692, 21, 87, 4),
(693, 21, 91, 5),
(694, 21, 90, 6),
(695, 21, 92, 7),
(696, 21, 82, 8),
(697, 21, 96, 9),
(698, 21, 133, 10),
(699, 21, 135, 11),
(700, 21, 138, 12),
(701, 21, 125, 13),
(702, 21, 93, 14),
(703, 21, 139, 15),
(704, 21, 110, 16),
(705, 21, 86, 17),
(706, 21, 74, 18),
(707, 21, 132, 19),
(708, 21, 115, 20),
(766, 22, 136, 0),
(767, 22, 138, 1),
(768, 22, 133, 2),
(769, 22, 134, 3),
(770, 22, 132, 4),
(771, 22, 90, 5),
(772, 22, 89, 6),
(773, 22, 131, 7),
(774, 22, 143, 8),
(775, 22, 137, 9),
(776, 22, 91, 10),
(777, 22, 86, 11),
(778, 22, 125, 12),
(779, 22, 78, 13),
(780, 22, 139, 14),
(781, 22, 82, 15),
(782, 22, 84, 16),
(783, 22, 85, 17),
(784, 22, 77, 18),
(785, 22, 88, 19),
(786, 22, 74, 20),
(787, 22, 97, 21),
(788, 22, 87, 22),
(789, 22, 76, 23),
(790, 22, 58, 24),
(791, 22, 130, 25),
(792, 22, 107, 26),
(793, 22, 94, 27),
(794, 22, 110, 28),
(795, 22, 92, 29),
(796, 22, 115, 30),
(797, 22, 96, 31),
(798, 22, 93, 32),
(799, 22, 135, 33),
(800, 22, 83, 34),
(801, 31, 145, 0),
(802, 31, 144, 1),
(803, 31, 74, 2),
(807, 32, 145, 0),
(808, 32, 144, 1),
(809, 32, 74, 2);

-- --------------------------------------------------------

--
-- Struktura tabeli dla tabeli `galleries_tags`
--

CREATE TABLE IF NOT EXISTS `galleries_tags` (
`id` int(10) unsigned NOT NULL,
  `gallery_id` int(10) unsigned NOT NULL,
  `tag_id` int(10) unsigned NOT NULL,
  `user_tag` tinyint(1) unsigned NOT NULL
) ENGINE=InnoDB  DEFAULT CHARSET=utf8 COLLATE=utf8_polish_ci AUTO_INCREMENT=35 ;

--
-- Zrzut danych tabeli `galleries_tags`
--

INSERT INTO `galleries_tags` (`id`, `gallery_id`, `tag_id`, `user_tag`) VALUES
(1, 30, 21, 1),
(3, 30, 236, 1),
(4, 30, 239, 0),
(5, 30, 237, 0),
(6, 30, 238, 1),
(7, 23, 101, 0),
(8, 23, 242, 0),
(9, 23, 240, 0),
(10, 23, 241, 0),
(12, 23, 20, 1),
(13, 23, 63, 0),
(14, 20, 245, 0),
(15, 20, 20, 1),
(16, 21, 250, 0),
(17, 21, 249, 0),
(20, 22, 252, 1),
(21, 22, 251, 1),
(22, 32, 263, 0),
(23, 32, 253, 1),
(24, 32, 258, 1),
(25, 32, 257, 1),
(26, 32, 262, 0),
(27, 32, 20, 0),
(28, 32, 255, 1),
(29, 32, 256, 1),
(30, 32, 261, 0),
(31, 32, 259, 0),
(32, 32, 260, 0),
(33, 32, 254, 1),
(34, 32, 265, 1);

-- --------------------------------------------------------

--
-- Struktura tabeli dla tabeli `groups`
--

CREATE TABLE IF NOT EXISTS `groups` (
`id` mediumint(8) unsigned NOT NULL,
  `name` varchar(20) COLLATE utf8_polish_ci NOT NULL,
  `description` varchar(100) COLLATE utf8_polish_ci NOT NULL
) ENGINE=InnoDB  DEFAULT CHARSET=utf8 COLLATE=utf8_polish_ci AUTO_INCREMENT=3 ;

--
-- Zrzut danych tabeli `groups`
--

INSERT INTO `groups` (`id`, `name`, `description`) VALUES
(1, 'admin', 'Administrator'),
(2, 'members', 'General User');

-- --------------------------------------------------------

--
-- Struktura tabeli dla tabeli `images`
--

CREATE TABLE IF NOT EXISTS `images` (
`id` int(10) unsigned NOT NULL,
  `submitted` timestamp NOT NULL DEFAULT CURRENT_TIMESTAMP,
  `user_id` mediumint(8) unsigned NOT NULL,
  `title` varchar(50) COLLATE utf8_polish_ci NOT NULL,
  `category_id` mediumint(8) unsigned NOT NULL,
  `description` varchar(250) COLLATE utf8_polish_ci DEFAULT NULL,
  `can_comment` tinyint(1) unsigned NOT NULL DEFAULT '1',
  `can_evaluated` tinyint(1) unsigned DEFAULT NULL,
  `plus_18` tinyint(1) unsigned DEFAULT NULL,
  `statement` tinyint(1) unsigned DEFAULT NULL,
  `file_name` varchar(100) COLLATE utf8_polish_ci DEFAULT NULL,
  `file_type` varchar(10) COLLATE utf8_polish_ci NOT NULL,
  `raw_name` varchar(100) COLLATE utf8_polish_ci NOT NULL,
  `orig_name` varchar(100) COLLATE utf8_polish_ci NOT NULL,
  `client_name` varchar(100) COLLATE utf8_polish_ci NOT NULL,
  `file_ext` varchar(10) COLLATE utf8_polish_ci NOT NULL,
  `file_size` varchar(10) COLLATE utf8_polish_ci NOT NULL,
  `is_image` tinyint(1) NOT NULL,
  `image_width` smallint(5) unsigned NOT NULL,
  `image_height` smallint(5) unsigned NOT NULL,
  `image_type` varchar(10) COLLATE utf8_polish_ci NOT NULL,
  `hidden` tinyint(1) NOT NULL
) ENGINE=InnoDB  DEFAULT CHARSET=utf8 COLLATE=utf8_polish_ci AUTO_INCREMENT=147 ;

--
-- Zrzut danych tabeli `images`
--

INSERT INTO `images` (`id`, `submitted`, `user_id`, `title`, `category_id`, `description`, `can_comment`, `can_evaluated`, `plus_18`, `statement`, `file_name`, `file_type`, `raw_name`, `orig_name`, `client_name`, `file_ext`, `file_size`, `is_image`, `image_width`, `image_height`, `image_type`, `hidden`) VALUES
(58, '2012-09-12 16:21:33', 11, 'POLISH', 12, 'Jakieś kwiatki', 1, NULL, 1, 1, '58.jpg', 'image/jpeg', '', '58.jpg', 'Tulips.jpg', '.jpg', '606.34', 1, 1024, 768, 'jpeg', 0),
(74, '2012-09-19 13:55:42', 11, 'Koala1', 32, '', 1, NULL, 1, 1, '74.jpg', 'image/jpeg', '', '74.jpg', 'Koala.jpg', '.jpg', '762.53', 1, 1024, 768, 'jpeg', 0),
(75, '2012-09-22 08:51:35', 1, 'Cartridge', 4, 'Black-Box Commodore C64', 1, NULL, 1, 1, '75.jpg', 'image/jpeg', '', '75.jpg', '519px-Blackbox3.jpg', '.jpg', '73.62', 1, 519, 600, 'jpeg', 0),
(76, '2012-09-22 08:54:17', 11, 'Wercia', 29, 'Weronika około 2 latek', 0, NULL, 0, 1, '76.JPG', 'image/jpeg', '', '76.JPG', 'DSC03317.JPG', '.JPG', '58.42', 1, 343, 512, 'jpeg', 0),
(77, '2012-09-22 08:58:43', 11, 'Quasar', 14, 'Weronika około 2 latek', 0, NULL, 0, 1, '77.jpg', 'image/jpeg', '', '77.jpg', 'quasar1.jpg', '.jpg', '4.75', 1, 210, 207, 'jpeg', 0),
(78, '2012-09-22 09:51:43', 11, 'Moto', 8, 'Motorek', 0, NULL, 0, 1, '78.jpg', 'image/jpeg', '', '78.jpg', 'Vinales-foto-Honda-150x150.jpg', '.jpg', '8.69', 1, 150, 150, 'jpeg', 0),
(82, '2012-09-23 16:45:01', 11, 'Hortensje', 35, '', 1, NULL, 0, 1, '82.jpg', 'image/jpeg', '', '82.jpg', 'Hydrangeas.jpg', '.jpg', '581.33', 1, 1024, 768, 'jpeg', 0),
(83, '2012-09-23 16:49:43', 11, 'Meduza po EDYCJI', 32, 'Meduza – jedna z dwóch form morfologicznych parzydełkowców (Cnidaria), pierwotnie swobodnie pływająca, pelagiczna, z galaretowatym ciałem, zwykle w kształcie dzwonu lub parasola, zasadniczo rozmnażająca się płciowo. Nie występuje u koralowców...', 0, NULL, 0, 1, '83.jpg', 'image/jpeg', '', '83.jpg', 'Jellyfish.jpg', '.jpg', '757.52', 1, 1024, 768, 'jpeg', 0),
(84, '2012-09-23 16:51:22', 11, 'Pingwiny', 32, '', 1, NULL, 1, 1, '84.jpg', 'image/jpeg', '', '84.jpg', 'Penguins.jpg', '.jpg', '759.6', 1, 1024, 768, 'jpeg', 0),
(85, '2012-12-02 19:42:47', 11, 'SMUTNY KOT', 36, '', 1, NULL, 1, 1, '85.jpg', 'image/jpeg', '', '85.jpg', 'grumpy-cat-naburmuszony-kot-oryginalne-zdjecie-john-baumier-ikona.jpg', '.jpg', '356.96', 1, 718, 718, 'jpeg', 0),
(86, '2012-12-15 15:27:19', 11, 'JMJarre', 14, 'Jean Michelle Jarre', 1, NULL, 0, 1, '86.jpg', 'image/jpeg', '', '86.jpg', 'Jean-Michel-Jarre---Magnetic-Fields-Front-Cover-8887.jpg', '.jpg', '52.04', 1, 800, 400, 'jpeg', 0),
(87, '2012-12-15 15:31:31', 11, 'Magnetic fields', 14, 'dfgdgd', 0, NULL, 0, 1, '87.jpg', 'image/jpeg', '', '87.jpg', 'magfield.jpg', '.jpg', '144.57', 1, 1535, 1200, 'jpeg', 0),
(88, '2012-12-15 15:35:07', 11, 'Moog', 4, '...syntezatorek2', 0, NULL, 0, 1, '88.jpg', 'image/jpeg', '', '88.jpg', 'moog_minimoog_voyager_old_school_1.jpg', '.jpg', '460.35', 1, 2667, 1575, 'jpeg', 0),
(89, '2012-12-15 15:42:26', 11, 'Oxygene', 14, 'Oxygene I, II, III, IV, V & VI.\n\n\nThe album that led the synthesizer revolution of the ''70s.\n', 1, NULL, 0, 1, '891.jpg', 'image/jpeg', '', '89.jpg', 'Jean-Michel Jarre - Oxygene - Front.jpg', '.jpg', '687.04', 1, 1405, 1408, 'jpeg', 0),
(90, '2012-12-15 16:00:26', 11, 'Sonda', 14, 's o n d a ...', 1, NULL, 0, 1, '90.jpg', 'image/jpeg', '', '90.jpg', 'z5791404X.jpg', '.jpg', '31.14', 1, 640, 480, 'jpeg', 0),
(91, '2012-12-15 16:09:49', 11, 'TVP', 4, '', 1, NULL, 0, 1, '91.jpg', 'image/jpeg', '', '91.jpg', 'TVP_logo(2).jpg', '.jpg', '197.55', 1, 1741, 596, 'jpeg', 0),
(92, '2012-12-15 16:19:36', 11, 'Kurek Kaminski', 11, '', 1, NULL, 0, 1, '92.jpg', 'image/jpeg', '', '92.jpg', '1977ca_Sonda.jpg', '.jpg', '39.84', 1, 700, 429, 'jpeg', 0),
(93, '2012-12-15 16:25:32', 11, 'ropa2', 5, '', 0, NULL, 0, 1, '93.jpg', 'image/jpeg', '', '93.jpg', '_tmp_ropa.jpg', '.jpg', '106.24', 1, 1280, 960, 'jpeg', 0),
(94, '2012-12-15 16:28:11', 11, 'Sonda', 14, '', 0, NULL, 0, 1, '94.png', 'image/png', '', '94.png', 'Yin_i_Yang_Sonda.svg_.png', '.png', '13.47', 1, 200, 200, 'png', 0),
(96, '2012-12-16 13:52:13', 11, 'Avatar 456456', 14, 'świetny', 1, 1, 0, 1, '96.jpg', 'image/jpeg', '', '96.jpg', 'AvatarAngry43.jpg', '.jpg', '409.35', 1, 640, 480, 'jpeg', 0),
(97, '2012-12-19 21:56:53', 11, 'Willa TOMASZA agenta 2', 33, 'kjdhfgjkdfjk', 1, NULL, 1, 1, '97.jpg', 'image/jpeg', '', '97.jpg', 'Lighthouse.jpg', '.jpg', '548.12', 1, 1024, 768, 'jpeg', 0),
(99, '2013-01-14 11:44:18', 10, 'pej1', 38, '', 1, NULL, 0, 1, '99.jpg', 'image/jpeg', '', '99.jpg', '2631861148156955789.jpg', '.jpg', '137.33', 1, 780, 571, 'jpeg', 0),
(100, '2013-01-14 11:47:46', 10, 'pej2', 38, '', 1, NULL, 0, 1, '100.jpg', 'image/jpeg', '', '100.jpg', '1167019_wiosenny-pejzaz.jpg', '.jpg', '251.96', 1, 933, 613, 'jpeg', 0),
(101, '2013-01-14 11:48:07', 10, 'pej3', 38, '', 1, NULL, 0, 1, '101.jpg', 'image/jpeg', '', '101.jpg', '2739711162420120440.jpg', '.jpg', '127.52', 1, 800, 600, 'jpeg', 0),
(102, '2013-01-14 11:48:24', 10, 'pej4', 38, '', 1, NULL, 0, 1, '102.jpg', 'image/jpeg', '', '102.jpg', 'jesienny-pejzaz.jpg', '.jpg', '72.98', 1, 660, 438, 'jpeg', 0),
(104, '2013-01-14 11:50:01', 10, 'pej5', 38, '', 1, NULL, 0, 1, '104.jpg', 'image/jpeg', '', '104.jpg', 'pejzaz-z-lodka.jpg', '.jpg', '154.89', 1, 640, 425, 'jpeg', 0),
(105, '2013-01-14 15:20:31', 10, 'pej6', 38, '', 1, NULL, 0, 1, '105.jpg', 'image/jpeg', '', '105.jpg', 'karnasiewicz_pejzaz1.jpg', '.jpg', '35.48', 1, 600, 401, 'jpeg', 0),
(106, '2013-01-14 15:24:30', 10, 'pej7', 38, '', 1, NULL, 1, 1, '106.jpeg', 'image/jpeg', '', '106.jpeg', 'jesienny_pejzaz-191-eecd470e8f76ce7d3f16d8bb632c4d4a.jpeg', '.jpeg', '231.58', 1, 870, 528, 'jpeg', 0),
(107, '2013-01-16 18:24:36', 11, 'zima', 12, '', 1, NULL, 1, 1, '107.jpg', 'image/jpeg', '', '107.jpg', 'Zima.jpg', '.jpg', '103.07', 1, 800, 600, 'jpeg', 0),
(108, '2013-01-18 14:46:24', 17, 'Testowa praca', 5, '', 1, NULL, 1, 1, '108.jpg', 'image/jpeg', '', '108.jpg', '1167019_wiosenny-pejzaz.jpg', '.jpg', '251.96', 1, 933, 613, 'jpeg', 1),
(110, '2013-01-19 17:51:48', 11, 'kopii', 3, '', 1, NULL, 1, 1, '110.jpg', 'image/jpeg', '', '110.jpg', '1167019_wiosenny-pejzaz.jpg', '.jpg', '251.96', 1, 933, 613, 'jpeg', 0),
(115, '2013-01-20 20:31:01', 11, 'test tagow', 13, 'polish', 1, NULL, 0, 1, '115.gif', 'image/gif', '', '115.gif', '156461.gif', '.gif', '13.96', 1, 50, 50, 'gif', 0),
(125, '2013-02-08 15:55:21', 11, 'exify test', 6, '', 0, NULL, 0, 1, '125.jpg', 'image/jpeg', '', '125.jpg', 'JMCG4785-pan.jpg', '.jpg', '126.75', 1, 987, 461, 'jpeg', 0),
(130, '2013-02-08 21:27:39', 11, 'exify test', 4, '', 1, NULL, 0, 1, '1301.JPG', 'image/jpeg', '', '130.JPG', '_DSC4698.JPG', '.JPG', '3040', 1, 3872, 2592, 'jpeg', 0),
(131, '2013-02-08 21:57:41', 11, 'Exif test2', 5, 'Zdjęcie wykonane aparatem olympus', 1, NULL, 0, 1, '131.jpg', 'image/jpeg', '', '131.jpg', 'p9261815rrm2.jpg', '.jpg', '130.97', 1, 800, 600, 'jpeg', 0),
(132, '2013-02-08 22:04:36', 11, 'Olympus ', 5, '', 1, NULL, 0, 1, '132.jpg', 'image/jpeg', '', '132.jpg', '200050tn6.jpg', '.jpg', '105.08', 1, 800, 600, 'jpeg', 0),
(133, '2013-02-08 22:18:04', 11, 'zapałki Z', 5, '', 1, NULL, 1, 1, '133.jpg', 'image/jpeg', '', '133.jpg', 'p9282027zr3.jpg', '.jpg', '96.16', 1, 950, 712, 'jpeg', 0),
(134, '2013-02-09 13:47:25', 11, '213', 38, 'superhruper', 1, 1, 0, 1, '1341.jpg', 'image/jpeg', '', '134.jpg', 'long-expo-3.jpg', '.jpg', '3603.67', 1, 4256, 2832, 'jpeg', 0),
(135, '2013-02-09 14:19:13', 11, 'Nowy', 5, '', 0, 1, 1, 1, '135.jpg', 'image/jpeg', '', '135.jpg', '200150go4.jpg', '.jpg', '127.28', 1, 800, 600, 'jpeg', 0),
(136, '2013-02-09 17:06:34', 11, 'Motyl', 5, '', 0, NULL, 0, 1, '136.jpg', 'image/jpeg', '', '136.jpg', 'm11nt4.jpg', '.jpg', '176.16', 1, 800, 600, 'jpeg', 0),
(137, '2013-02-10 23:06:27', 11, 'grosz', 5, 'zoom grosza', 1, NULL, 0, 1, '137.jpg', 'image/jpeg', '', '137.jpg', 'p9261829rso7.jpg', '.jpg', '149.41', 1, 800, 600, 'jpeg', 0),
(138, '2013-02-10 23:10:29', 11, 'oczko', 5, '', 1, 1, 0, 1, '138.jpg', 'image/jpeg', '', '138.jpg', 'eye_IV_by_01_11_89.jpg', '.jpg', '114.93', 1, 800, 833, 'jpeg', 0),
(139, '2013-02-10 23:13:26', 11, 'oko', 5, 'rzęsy', 1, NULL, 0, 1, '139.jpg', 'image/jpeg', '', '139.jpg', 'My_eye_by_Bellatrix3391.jpg', '.jpg', '73', 1, 600, 600, 'jpeg', 0),
(141, '2013-02-21 18:18:43', 10, 'Jarre 1', 27, '', 1, NULL, 0, 1, '141.jpg', 'image/jpeg', '', '141.jpg', 'Jean Michel Jarre.jpg', '.jpg', '34.02', 1, 620, 430, 'jpeg', 0),
(142, '2013-02-21 18:19:38', 10, 'jarre 2', 22, '', 1, 1, 0, 1, '142.jpg', 'image/jpeg', '', '142.jpg', 'Jean Michel Jarre2.jpg', '.jpg', '16.88', 1, 500, 335, 'jpeg', 0),
(143, '2013-03-13 01:24:03', 11, 'sdfsf', 6, '', 1, NULL, 0, 1, '143.jpg', 'image/jpeg', '', '143.jpg', 'Panoramic_by_Deviant_Click.jpg', '.jpg', '612.06', 1, 2000, 338, 'jpeg', 0),
(144, '2013-04-17 20:49:04', 11, 'papuga', 32, '', 0, 0, 0, 1, '144.jpg', 'image/jpeg', '', '144.jpg', 'HM183nQwcIFtc1PrTIOCRe4rIUK8wBaWKcgqD-g2Ma8.jpg', '.jpg', '118.42', 1, 1024, 768, 'jpeg', 0),
(145, '2013-04-17 20:49:36', 11, 'Żaba@@', 32, '', 0, 0, 0, 1, '145.jpg', 'image/jpeg', '', '145.jpg', 'kubgE06V6VVeGjJLOc2ONa9RRX-PUvEEv-4Jw9tWW2o.jpg', '.jpg', '82.4', 1, 1024, 768, 'jpeg', 0),
(146, '2014-08-29 16:14:23', 10, '-jhh!jakis_test---#duzo...Żaba', 32, '', 0, 0, 0, 1, '146.jpg', 'image/jpeg', '', '146.jpg', 'Chrysanthemum.jpg', '.jpg', '858.78', 1, 1024, 768, 'jpeg', 0);

-- --------------------------------------------------------

--
-- Struktura tabeli dla tabeli `images_categories`
--

CREATE TABLE IF NOT EXISTS `images_categories` (
`id` mediumint(9) NOT NULL,
  `name_cat` varchar(25) COLLATE utf8_polish_ci NOT NULL,
  `short_name_cat` varchar(15) COLLATE utf8_polish_ci NOT NULL,
  `parent_cat_id` mediumint(8) unsigned DEFAULT NULL,
  `lft` int(8) unsigned NOT NULL DEFAULT '0',
  `rgt` int(8) unsigned NOT NULL DEFAULT '0'
) ENGINE=InnoDB  DEFAULT CHARSET=utf8 COLLATE=utf8_polish_ci AUTO_INCREMENT=39 ;

--
-- Zrzut danych tabeli `images_categories`
--

INSERT INTO `images_categories` (`id`, `name_cat`, `short_name_cat`, `parent_cat_id`, `lft`, `rgt`) VALUES
(1, 'Artystyczne', 'artystyczne', NULL, 2, 49),
(2, 'Plener', 'plener', NULL, 50, 51),
(3, 'Fotomontaż', 'fotomontaz', NULL, 52, 53),
(4, 'Martwa natura', 'martwanatura', NULL, 54, 55),
(5, 'Makro', 'makro', NULL, 56, 57),
(6, 'Panorama', 'panorama', NULL, 58, 59),
(7, 'Przyroda', 'przyroda', NULL, 60, 65),
(8, 'Sport', 'sport', NULL, 66, 67),
(9, 'Reklamowe', 'reklamowe', NULL, 68, 69),
(10, 'Ślubne', 'slub', NULL, 70, 71),
(11, 'Koncept', 'koncept', 1, 3, 4),
(12, 'Natura', 'natura', 1, 5, 10),
(13, 'Karykatury', 'karykatury', 1, 11, 12),
(14, 'Grafika', 'grafika', 1, 13, 14),
(15, 'Nagość', 'nagosc', 1, 15, 22),
(16, 'Portret', 'portret', 1, 23, 40),
(17, 'Horror, makabra', 'horror_makabra', 1, 41, 42),
(18, 'Humor', 'humor', 1, 43, 44),
(19, 'Akt', 'akt', 15, 16, 17),
(20, 'Bielizna, strój kąpielowy', 'bielizna_stroj', 15, 18, 19),
(21, 'Nagość zakryta', 'nagosc_zakryta', 15, 20, 21),
(22, 'Fashion', 'fashion', 16, 24, 25),
(23, 'Beauty', 'beauty', 16, 26, 27),
(24, 'Glamour', 'glamour', 16, 28, 29),
(25, 'Fetish', 'fetish', 16, 30, 31),
(26, 'Emotive', 'emotive', 16, 32, 33),
(27, 'Expressive', 'expressive', 16, 34, 35),
(28, 'Spontaneous', 'spontaneous', 16, 36, 37),
(29, 'Klasyczny', 'klasyczny', 16, 38, 39),
(31, 'Flora', 'flora', 7, 61, 62),
(32, 'Fauna', 'fauna', 7, 63, 64),
(33, 'Budynki', 'budynki', NULL, 72, 73),
(34, 'Inne', 'inne', NULL, 74, 75),
(35, 'Flora', 'flora', 12, 6, 7),
(36, 'Fauna', 'fauna', 12, 8, 9),
(37, 'Abstrakcja, surrealizm', 'abstrakcja_surr', 1, 45, 46),
(38, 'Pejzaż', 'pejzaz', 1, 47, 48);

-- --------------------------------------------------------

--
-- Struktura tabeli dla tabeli `images_categories_temp`
--

CREATE TABLE IF NOT EXISTS `images_categories_temp` (
`id` mediumint(8) unsigned NOT NULL,
  `name_cat` varchar(25) COLLATE utf8_polish_ci NOT NULL,
  `short_name_cat` varchar(15) COLLATE utf8_polish_ci NOT NULL,
  `parent_cat_id` mediumint(8) unsigned DEFAULT NULL,
  `left` int(8) unsigned NOT NULL DEFAULT '0',
  `right` int(8) unsigned NOT NULL DEFAULT '0'
) ENGINE=InnoDB  DEFAULT CHARSET=utf8 COLLATE=utf8_polish_ci AUTO_INCREMENT=21 ;

--
-- Zrzut danych tabeli `images_categories_temp`
--

INSERT INTO `images_categories_temp` (`id`, `name_cat`, `short_name_cat`, `parent_cat_id`, `left`, `right`) VALUES
(1, 'Malarstwo', 'malarstwo', NULL, 2, 3),
(2, 'Obraz', 'obraz', NULL, 4, 5),
(3, 'Historia', 'historia', NULL, 6, 15),
(4, 'Cyfrowe', 'cyfrowe', NULL, 16, 17),
(5, 'Natura', 'natura', NULL, 18, 37),
(6, 'Sport', 'sport', NULL, 38, 41),
(7, 'Rower', 'rower', 6, 39, 40),
(8, 'Powszechna', 'powszechna', 3, 7, 8),
(9, 'Starożytność', 'starozytnosc', 3, 9, 12),
(10, 'Zabytki', 'zabytki', 3, 13, 14),
(11, 'Homer', 'homer', 9, 10, 11),
(12, 'Las', 'las', 5, 19, 26),
(13, 'Góry', 'gory', 5, 27, 36),
(14, 'Himalaje', 'himalaje', 13, 28, 29),
(15, 'Sudety', 'sudety', 13, 30, 31),
(16, 'Tatry', 'tatry', 13, 32, 33),
(17, 'Alpy', 'alpy', 13, 34, 35),
(18, 'Grzyby', 'grzyby', 12, 20, 21),
(19, 'Drzewa', 'drzewa', 12, 22, 23),
(20, 'Owoce leśne', 'owocelesne', 12, 24, 25);

-- --------------------------------------------------------

--
-- Struktura tabeli dla tabeli `images_evaluations`
--

CREATE TABLE IF NOT EXISTS `images_evaluations` (
`id` int(11) NOT NULL,
  `evaluation_time` timestamp NOT NULL DEFAULT CURRENT_TIMESTAMP,
  `image_id` int(10) unsigned NOT NULL,
  `user_id` mediumint(8) unsigned NOT NULL,
  `comment_id` int(10) unsigned NOT NULL,
  `rate` smallint(6) NOT NULL
) ENGINE=InnoDB  DEFAULT CHARSET=utf8 COLLATE=utf8_polish_ci AUTO_INCREMENT=44 ;

--
-- Zrzut danych tabeli `images_evaluations`
--

INSERT INTO `images_evaluations` (`id`, `evaluation_time`, `image_id`, `user_id`, `comment_id`, `rate`) VALUES
(24, '2013-01-09 22:49:07', 96, 1, 132, 8),
(29, '2013-01-17 08:21:24', 106, 11, 154, 1),
(30, '2013-01-23 08:06:11', 105, 11, 156, 3),
(32, '2013-02-21 19:04:13', 96, 10, 184, 1),
(34, '2013-02-26 01:56:40', 142, 1, 190, 8),
(35, '2013-02-26 20:19:30', 139, 17, 193, 6),
(36, '2013-02-26 21:25:36', 142, 17, 194, 8),
(37, '2013-02-26 22:48:20', 96, 17, 195, 2),
(40, '2013-03-04 08:49:39', 133, 10, 221, 7),
(42, '2013-03-19 16:02:55', 142, 11, 227, 7),
(43, '2014-08-29 15:03:43', 138, 10, 229, 6);

-- --------------------------------------------------------

--
-- Struktura tabeli dla tabeli `images_tags`
--

CREATE TABLE IF NOT EXISTS `images_tags` (
`id` int(10) unsigned NOT NULL,
  `image_id` int(10) unsigned NOT NULL,
  `tag_id` int(10) unsigned NOT NULL,
  `user_tag` tinyint(1) unsigned NOT NULL
) ENGINE=InnoDB  DEFAULT CHARSET=utf8 COLLATE=utf8_polish_ci AUTO_INCREMENT=275 ;

--
-- Zrzut danych tabeli `images_tags`
--

INSERT INTO `images_tags` (`id`, `image_id`, `tag_id`, `user_tag`) VALUES
(45, 58, 46, 0),
(46, 58, 47, 0),
(47, 58, 45, 1),
(55, 110, 54, 1),
(56, 110, 55, 0),
(80, 115, 77, 0),
(81, 115, 20, 0),
(82, 125, 79, 0),
(83, 125, 20, 0),
(85, 130, 79, 0),
(86, 130, 20, 0),
(88, 131, 75, 0),
(89, 132, 87, 0),
(91, 134, 89, 0),
(106, 135, 99, 0),
(111, 131, 107, 0),
(114, 131, 106, 0),
(115, 131, 105, 0),
(116, 136, 110, 0),
(118, 134, 112, 1),
(119, 134, 111, 1),
(120, 134, 113, 0),
(121, 96, 117, 0),
(122, 96, 115, 1),
(123, 96, 116, 1),
(124, 96, 118, 0),
(125, 137, 123, 1),
(126, 137, 122, 1),
(127, 137, 120, 0),
(128, 137, 125, 0),
(129, 137, 121, 1),
(130, 137, 124, 0),
(131, 138, 127, 0),
(132, 138, 129, 1),
(133, 138, 128, 1),
(134, 138, 124, 1),
(135, 139, 128, 1),
(136, 139, 124, 1),
(137, 84, 130, 0),
(138, 85, 132, 0),
(139, 85, 131, 0),
(140, 92, 134, 0),
(141, 92, 133, 0),
(142, 97, 74, 0),
(143, 97, 137, 0),
(144, 97, 138, 0),
(145, 97, 136, 0),
(146, 97, 135, 0),
(149, 107, 141, 0),
(150, 74, 142, 0),
(151, 83, 156, 0),
(152, 83, 150, 0),
(153, 83, 146, 0),
(154, 83, 159, 0),
(155, 83, 21, 0),
(156, 83, 147, 0),
(157, 83, 155, 0),
(158, 83, 144, 0),
(159, 83, 169, 0),
(160, 83, 158, 0),
(161, 83, 160, 0),
(162, 83, 143, 0),
(163, 83, 148, 0),
(164, 83, 166, 0),
(165, 83, 161, 0),
(166, 83, 149, 0),
(167, 83, 154, 0),
(168, 83, 151, 0),
(169, 83, 165, 0),
(170, 83, 153, 0),
(171, 83, 59, 0),
(172, 83, 163, 0),
(173, 83, 164, 0),
(174, 83, 152, 0),
(175, 83, 168, 0),
(176, 83, 72, 0),
(177, 83, 167, 0),
(178, 83, 145, 0),
(179, 83, 162, 0),
(180, 83, 157, 0),
(181, 82, 171, 0),
(182, 87, 174, 0),
(183, 87, 173, 0),
(184, 87, 172, 0),
(185, 77, 74, 0),
(186, 77, 178, 0),
(187, 77, 177, 0),
(188, 77, 175, 0),
(189, 77, 176, 0),
(190, 94, 179, 0),
(191, 90, 14, 0),
(192, 90, 4, 0),
(193, 90, 181, 0),
(194, 90, 180, 0),
(195, 90, 54, 0),
(196, 90, 179, 0),
(197, 96, 115, 1),
(198, 78, 183, 0),
(199, 78, 184, 0),
(200, 115, 45, 0),
(201, 89, 200, 0),
(202, 89, 194, 0),
(203, 89, 187, 0),
(204, 89, 188, 0),
(205, 89, 189, 0),
(206, 89, 190, 0),
(207, 89, 196, 0),
(208, 89, 199, 0),
(209, 89, 186, 0),
(210, 89, 198, 0),
(211, 89, 197, 0),
(212, 89, 195, 0),
(213, 89, 193, 0),
(214, 89, 191, 0),
(215, 89, 192, 0),
(216, 76, 74, 0),
(217, 76, 178, 0),
(218, 76, 177, 0),
(219, 76, 202, 0),
(220, 76, 176, 0),
(222, 106, 204, 0),
(223, 105, 205, 0),
(224, 104, 206, 0),
(225, 102, 207, 0),
(226, 101, 208, 0),
(227, 100, 209, 0),
(228, 99, 210, 0),
(229, 86, 214, 0),
(230, 86, 212, 0),
(231, 86, 211, 0),
(232, 86, 213, 0),
(235, 131, 80, 0),
(236, 131, 87, 0),
(237, 141, 219, 0),
(238, 141, 214, 1),
(239, 141, 186, 1),
(240, 142, 74, 0),
(242, 142, 214, 0),
(243, 75, 225, 0),
(244, 75, 227, 0),
(245, 75, 224, 0),
(246, 75, 226, 0),
(249, 135, 99, 0),
(250, 135, 99, 0),
(251, 135, 99, 0),
(252, 135, 99, 0),
(258, 133, 90, 1),
(259, 133, 145, 1),
(260, 134, 233, 1),
(262, 139, 246, 1),
(263, 139, 247, 0),
(264, 143, 248, 0),
(267, 134, 46, 1),
(268, 144, 253, 0),
(269, 145, 254, 0),
(270, 146, 267, 0),
(271, 146, 266, 0),
(272, 146, 20, 0),
(273, 146, 254, 0),
(274, 146, 268, 0);

-- --------------------------------------------------------

--
-- Struktura tabeli dla tabeli `login_attempts`
--

CREATE TABLE IF NOT EXISTS `login_attempts` (
`id` mediumint(8) unsigned NOT NULL,
  `ip_address` varchar(15) COLLATE utf8_polish_ci NOT NULL,
  `login` varchar(100) COLLATE utf8_polish_ci NOT NULL,
  `time` int(11) unsigned DEFAULT NULL
) ENGINE=InnoDB DEFAULT CHARSET=utf8 COLLATE=utf8_polish_ci AUTO_INCREMENT=1 ;

-- --------------------------------------------------------

--
-- Struktura tabeli dla tabeli `posts`
--

CREATE TABLE IF NOT EXISTS `posts` (
`id` int(11) unsigned NOT NULL,
  `user_id_from` mediumint(8) unsigned NOT NULL,
  `user_id_to` mediumint(8) unsigned NOT NULL,
  `date` timestamp NOT NULL DEFAULT CURRENT_TIMESTAMP,
  `viewed` tinyint(1) NOT NULL DEFAULT '0',
  `subject` varchar(25) COLLATE utf8_polish_ci DEFAULT NULL,
  `message` varchar(250) COLLATE utf8_polish_ci NOT NULL,
  `inbox` tinyint(1) NOT NULL DEFAULT '0',
  `outbox` tinyint(1) NOT NULL DEFAULT '0'
) ENGINE=InnoDB  DEFAULT CHARSET=utf8 COLLATE=utf8_polish_ci AUTO_INCREMENT=23 ;

--
-- Zrzut danych tabeli `posts`
--

INSERT INTO `posts` (`id`, `user_id_from`, `user_id_to`, `date`, `viewed`, `subject`, `message`, `inbox`, `outbox`) VALUES
(1, 11, 11, '2012-11-02 15:07:58', 1, 'sdkfjhsdkjh', 'sdfsdfdsfsd', 0, 0),
(2, 11, 1, '2012-11-21 10:17:07', 1, 'Jakis', 'takis post', 0, 0),
(3, 1, 11, '2012-11-23 17:35:05', 1, '[RE]: Jakis', 'ffghf', 0, 0),
(4, 1, 1, '2012-12-16 12:58:59', 1, 'test', 'dsfbsnfbs', 0, 0),
(5, 11, 11, '2012-12-19 21:40:05', 1, 'hgsdfghsfh', 'hgfghfgh', 0, 0),
(6, 11, 11, '2013-01-09 00:10:54', 0, 'sdf', 'fgh', 0, 0),
(7, 11, 11, '2013-01-09 00:11:01', 0, 'dfg', 'dfg', 0, 0),
(8, 11, 11, '2013-01-09 00:11:08', 0, 'dg', 'dfg', 0, 0),
(9, 11, 11, '2013-01-09 00:11:18', 0, 'sdfssdf', 'dfgdfg', 0, 0),
(10, 11, 11, '2013-01-09 00:11:24', 0, 'dfb', 'dfg', 0, 0),
(11, 11, 11, '2013-01-09 00:11:30', 0, 'we', 'dfg', 0, 0),
(12, 11, 11, '2013-01-09 00:11:36', 1, 'ert', 'erte', 0, 0),
(13, 11, 11, '2013-01-09 00:11:41', 0, '234', 'etet', 0, 0),
(14, 11, 11, '2013-01-09 00:11:46', 1, '456', 'erty', 0, 0),
(15, 11, 11, '2013-01-09 00:11:56', 1, 'wser', 'dfgdfg', 0, 0),
(16, 11, 11, '2013-01-09 00:12:07', 1, 'dfg', 'dfg', 0, 0),
(17, 11, 11, '2013-02-11 16:29:28', 1, '[RE]: 456', '213321213', 0, 0),
(18, 11, 11, '2013-03-02 19:53:55', 1, 'Test', 'skjdfhskjdf', 0, 0),
(19, 11, 11, '2013-03-02 19:59:26', 1, '[RE]: Test', 'jhgsdjfhsdf\nsd\nf\nsdf\n\n\n\n\n\nsdfsdf\n\n\n\n\n\n\n\nddd.', 0, 0),
(20, 11, 11, '2013-03-02 20:20:31', 1, '[RE]: [RE]: Test', 'Diugoń – morski ssak zaliczany do rzędu syren, jedyny współcześnie żyjący przedstawiciel rodziny diugoniowatych. Diugonie są ssakami dużymi, przystosowanymi do życia wodnego i niezdolnymi do poruszania się na lądzie. Dorosłe osobniki osiągają długość', 0, 0),
(21, 11, 11, '2013-03-02 20:20:59', 1, '[RE]: [RE]: [RE]: Test', 'www.onet.pl test linków', 0, 0),
(22, 11, 11, '2013-03-02 20:28:52', 1, '87678', '456', 1, 1);

-- --------------------------------------------------------

--
-- Struktura tabeli dla tabeli `sessions`
--

CREATE TABLE IF NOT EXISTS `sessions` (
  `session_id` varchar(40) COLLATE utf8_polish_ci NOT NULL DEFAULT '0',
  `ip_address` varchar(45) COLLATE utf8_polish_ci NOT NULL DEFAULT '0',
  `user_agent` varchar(120) COLLATE utf8_polish_ci NOT NULL,
  `last_activity` int(10) unsigned NOT NULL DEFAULT '0',
  `user_data` text COLLATE utf8_polish_ci NOT NULL
) ENGINE=InnoDB DEFAULT CHARSET=utf8 COLLATE=utf8_polish_ci;

--
-- Zrzut danych tabeli `sessions`
--

INSERT INTO `sessions` (`session_id`, `ip_address`, `user_agent`, `last_activity`, `user_data`) VALUES
('7555a3d161bef3d137835c6d9530328d', '127.0.0.1', 'Mozilla/5.0 (Windows NT 6.1) AppleWebKit/537.36 (KHTML, like Gecko) Chrome/36.0.1985.143 Safari/537.36', 1409479148, 'a:6:{s:9:"user_data";s:0:"";s:6:"stop18";i:0;s:34:"flash:old:previous_controller_name";s:6:"browse";s:30:"flash:old:previous_action_name";s:9:"galleries";s:34:"flash:new:previous_controller_name";s:4:"user";s:30:"flash:new:previous_action_name";s:5:"login";}'),
('84bb0d42c9fdaddc504e3ad75c0fbcb6', '127.0.0.1', 'Mozilla/5.0 (Windows NT 6.1) AppleWebKit/537.36 (KHTML, like Gecko) Chrome/36.0.1985.143 Safari/537.36', 1409492991, 'a:8:{s:9:"user_data";s:0:"";s:6:"stop18";i:0;s:17:"flash:old:csrfkey";s:8:"thvBMr2U";s:19:"flash:old:csrfvalue";s:20:"BFecvXsuSobSiZz4JqJs";s:34:"flash:old:previous_controller_name";s:6:"browse";s:30:"flash:old:previous_action_name";s:5:"index";s:34:"flash:new:previous_controller_name";s:6:"browse";s:30:"flash:new:previous_action_name";s:9:"galleries";}'),
('9cd34fb92bc2f4865da82c6fc4b874f1', '127.0.0.1', 'Mozilla/5.0 (Windows NT 6.1) AppleWebKit/537.36 (KHTML, like Gecko) Chrome/36.0.1985.143 Safari/537.36', 1409656073, 'a:6:{s:34:"flash:old:previous_controller_name";s:4:"user";s:30:"flash:old:previous_action_name";s:5:"login";s:17:"flash:new:csrfkey";s:8:"id15DtSA";s:19:"flash:new:csrfvalue";s:20:"Ui38PjqM4nYTAwpeGcfW";s:34:"flash:new:previous_controller_name";s:6:"browse";s:30:"flash:new:previous_action_name";s:5:"index";}'),
('b07e438eab55179e78d5566ad60d8e86', '127.0.0.1', 'Mozilla/5.0 (Windows NT 6.1) AppleWebKit/537.36 (KHTML, like Gecko) Chrome/36.0.1985.143 Safari/537.36', 1409599045, ''),
('c8bd4a9cf127e9bc24afe79ce607f4d9', '127.0.0.1', 'Mozilla/5.0 (Windows NT 6.1) AppleWebKit/537.36 (KHTML, like Gecko) Chrome/36.0.1985.143 Safari/537.36', 1409685123, 'a:6:{s:14:"flash:old:type";s:4:"info";s:13:"flash:old:msg";s:48:"Użytkownik został pomyślnie wylogowany.<br />";s:17:"flash:new:csrfkey";s:8:"mJlOMjWs";s:19:"flash:new:csrfvalue";s:20:"ZJYQeGFmqvAE8UPDk9ob";s:34:"flash:new:previous_controller_name";s:6:"browse";s:30:"flash:new:previous_action_name";s:5:"index";}'),
('dfa3e20037e4ed098a8e5aae8d5aa98d', '127.0.0.1', 'Mozilla/5.0 (Windows NT 6.1) AppleWebKit/537.36 (KHTML, like Gecko) Chrome/36.0.1985.143 Safari/537.36', 1409735033, 'a:6:{s:14:"flash:old:type";s:4:"info";s:13:"flash:old:msg";s:48:"Użytkownik został pomyślnie wylogowany.<br />";s:17:"flash:new:csrfkey";s:8:"aDuq26gI";s:19:"flash:new:csrfvalue";s:20:"O5bSUMjT41uZ8L0xCoaz";s:34:"flash:new:previous_controller_name";s:6:"browse";s:30:"flash:new:previous_action_name";s:5:"index";}'),
('f90c336a878b9584654ed0fa80acc6d3', '127.0.0.1', 'Mozilla/5.0 (Windows NT 6.1) AppleWebKit/537.36 (KHTML, like Gecko) Chrome/36.0.1985.143 Safari/537.36', 1409583605, 'a:2:{s:34:"flash:new:previous_controller_name";s:6:"browse";s:30:"flash:new:previous_action_name";s:6:"images";}');

-- --------------------------------------------------------

--
-- Struktura tabeli dla tabeli `tags`
--

CREATE TABLE IF NOT EXISTS `tags` (
`id` int(10) unsigned NOT NULL,
  `tag` varchar(25) COLLATE utf8_polish_ci NOT NULL
) ENGINE=InnoDB  DEFAULT CHARSET=utf8 COLLATE=utf8_polish_ci AUTO_INCREMENT=269 ;

--
-- Zrzut danych tabeli `tags`
--

INSERT INTO `tags` (`id`, `tag`) VALUES
(219, '1'),
(245, '123'),
(123, '1grosz'),
(74, '2'),
(89, '213'),
(81, '3'),
(85, '345'),
(84, '4554546'),
(117, '456456'),
(92, '5'),
(200, '70s'),
(14, 'a'),
(137, 'agenta'),
(194, 'album'),
(107, 'aparatem'),
(115, 'avatar'),
(8, 'b'),
(22, 'bb'),
(122, 'bilon'),
(225, 'Black-Box'),
(15, 'c'),
(227, 'C64'),
(224, 'Cartridge'),
(23, 'ccc'),
(25, 'CHYBAOK'),
(156, 'ciałem'),
(150, 'Cnidaria'),
(226, 'Commodore'),
(4, 'd'),
(250, 'dfgdfg'),
(174, 'dfgdgd'),
(76, 'dgdg'),
(101, 'drugi'),
(48, 'dsg'),
(267, 'duzo'),
(146, 'dwóch'),
(159, 'dzwonu'),
(5, 'e'),
(73, 'e2'),
(21, 'edycji'),
(53, 'ewfwerwer'),
(80, 'exif'),
(79, 'exify'),
(233, 'fest'),
(173, 'fields'),
(116, 'film'),
(147, 'form'),
(155, 'galaretowatym'),
(252, 'galeria'),
(242, 'galerii'),
(66, 'generalna'),
(120, 'grosz'),
(125, 'grosza'),
(171, 'Hortensje'),
(187, 'I'),
(188, 'II'),
(189, 'III'),
(190, 'IV'),
(46, 'Jakieś'),
(266, 'jakis'),
(240, 'jakiś'),
(214, 'Jarre'),
(212, 'Jean'),
(144, 'jedna'),
(268, 'jhh'),
(83, 'jhsagfjsh'),
(211, 'JMJarre'),
(134, 'Kaminski'),
(138, 'kjdhfgjkdfjk'),
(265, 'koala'),
(142, 'Koala1'),
(19, 'kolejny'),
(52, 'kopi'),
(55, 'kopii'),
(169, 'koralowców'),
(132, 'KOT'),
(158, 'kształcie'),
(133, 'Kurek'),
(47, 'kwiatki'),
(178, 'latek'),
(196, 'led'),
(51, 'lokalnej'),
(160, 'lub'),
(172, 'Magnetic'),
(203, 'makro'),
(263, 'małych'),
(241, 'marny'),
(143, 'Meduza'),
(251, 'mega'),
(61, 'metody'),
(213, 'Michelle'),
(91, 'moneta'),
(148, 'morfologicznych'),
(183, 'Moto'),
(184, 'Motorek'),
(110, 'Motyl'),
(96, 'może'),
(181, 'n'),
(103, 'na'),
(166, 'Nie'),
(112, 'niebo'),
(99, 'nowy'),
(180, 'o'),
(127, 'oczko'),
(129, 'oczy'),
(199, 'of'),
(128, 'oko'),
(177, 'około'),
(87, 'Olympus'),
(63, 'Opis'),
(94, 'Orzeł'),
(186, 'Oxygene'),
(253, 'papuga'),
(161, 'parasola'),
(149, 'parzydełkowców'),
(210, 'pej1'),
(209, 'pej2'),
(208, 'pej3'),
(207, 'pej4'),
(206, 'pej5'),
(205, 'pej6'),
(204, 'pej7'),
(236, 'pejzaże'),
(239, 'pejzaży'),
(154, 'pelagiczna'),
(121, 'pieniądze'),
(151, 'pierwotnie'),
(237, 'pięć'),
(130, 'Pingwiny'),
(165, 'płciowo'),
(153, 'pływająca'),
(59, 'po'),
(111, 'pochmurne'),
(45, 'POLISH'),
(17, 'polska'),
(258, 'potworek'),
(69, 'prac'),
(82, 'proba'),
(65, 'próba'),
(175, 'Quasar'),
(16, 'r'),
(198, 'revolution'),
(163, 'rozmnażająca'),
(24, 'rrrr'),
(247, 'rzęsy'),
(54, 's'),
(50, 'sd'),
(248, 'sdfsf'),
(49, 'sf'),
(88, 'sfs'),
(164, 'się'),
(56, 'sl1'),
(57, 'sl2'),
(58, 'sl3'),
(131, 'SMUTNY'),
(179, 'Sonda'),
(257, 'stworek'),
(262, 'stworków'),
(62, 'submit'),
(113, 'superhruper'),
(152, 'swobodnie'),
(197, 'synthesizer'),
(118, 'świetny'),
(100, 'tag'),
(77, 'tagow'),
(67, 'tagowania'),
(20, 'test'),
(249, 'test111'),
(75, 'test2'),
(235, 'testgal1'),
(255, 'testowa'),
(238, 'testowych'),
(64, 'testu'),
(98, 'teścik'),
(195, 'that'),
(193, 'The'),
(136, 'TOMASZA'),
(18, 'Tulipany'),
(168, 'u'),
(191, 'V'),
(192, 'VI'),
(72, 'w'),
(202, 'Wercia'),
(176, 'Weronika'),
(135, 'Willa'),
(106, 'wykonane'),
(167, 'występuje'),
(145, 'z'),
(90, 'zapałki'),
(162, 'zasadniczo'),
(102, 'zbliżenie'),
(105, 'Zdjęcie'),
(68, 'zdjęć'),
(256, 'zielony'),
(261, 'zielonych'),
(141, 'zima'),
(93, 'zł'),
(60, 'zmianach'),
(97, 'znowu'),
(124, 'zoom'),
(259, 'zwierzaki2'),
(260, 'zwierzaków'),
(157, 'zwykle'),
(246, 'Źrenica'),
(254, 'Żaba');

-- --------------------------------------------------------

--
-- Struktura tabeli dla tabeli `users`
--

CREATE TABLE IF NOT EXISTS `users` (
`id` mediumint(8) unsigned NOT NULL,
  `register_date` timestamp NOT NULL DEFAULT CURRENT_TIMESTAMP,
  `activate_date` timestamp NOT NULL DEFAULT '0000-00-00 00:00:00',
  `ip_address` varchar(15) COLLATE utf8_polish_ci NOT NULL,
  `username` varchar(100) COLLATE utf8_polish_ci NOT NULL,
  `password` varchar(255) COLLATE utf8_polish_ci NOT NULL,
  `salt` varchar(255) COLLATE utf8_polish_ci DEFAULT NULL,
  `email` varchar(100) COLLATE utf8_polish_ci NOT NULL,
  `activation_code` varchar(40) COLLATE utf8_polish_ci DEFAULT NULL,
  `forgotten_password_code` varchar(40) COLLATE utf8_polish_ci DEFAULT NULL,
  `forgotten_password_time` int(11) unsigned DEFAULT NULL,
  `remember_code` varchar(40) COLLATE utf8_polish_ci DEFAULT NULL,
  `created_on` int(11) unsigned NOT NULL,
  `last_login` int(11) unsigned DEFAULT NULL,
  `active` tinyint(1) unsigned DEFAULT NULL,
  `first_name` varchar(50) COLLATE utf8_polish_ci DEFAULT NULL,
  `last_name` varchar(50) COLLATE utf8_polish_ci DEFAULT NULL,
  `city` varchar(100) COLLATE utf8_polish_ci DEFAULT NULL,
  `sex` char(1) COLLATE utf8_polish_ci DEFAULT NULL,
  `avatar` varchar(260) COLLATE utf8_polish_ci DEFAULT NULL,
  `picture` varchar(260) COLLATE utf8_polish_ci DEFAULT NULL,
  `signature` varchar(250) COLLATE utf8_polish_ci DEFAULT NULL,
  `signature_profile` varchar(500) COLLATE utf8_polish_ci DEFAULT NULL,
  `profile_can_comment` tinyint(1) unsigned NOT NULL DEFAULT '1'
) ENGINE=InnoDB  DEFAULT CHARSET=utf8 COLLATE=utf8_polish_ci AUTO_INCREMENT=21 ;

--
-- Zrzut danych tabeli `users`
--

INSERT INTO `users` (`id`, `register_date`, `activate_date`, `ip_address`, `username`, `password`, `salt`, `email`, `activation_code`, `forgotten_password_code`, `forgotten_password_time`, `remember_code`, `created_on`, `last_login`, `active`, `first_name`, `last_name`, `city`, `sex`, `avatar`, `picture`, `signature`, `signature_profile`, `profile_can_comment`) VALUES
(1, '0000-00-00 00:00:00', '0000-00-00 00:00:00', '\0\0', 'administrator', '$2a$07$SeBknntpZror9uyftVopmu61qg0ms8Qv1yV6FG.kQOSM.9QhmTo36', '1c75832887', 'admin@admin.com', '', '50d65d2f7e9af9406e63dd6dd66a9910bbb6f2ee', 1342191416, NULL, 1268889823, 1409734994, 1, 'Admin', 'istrator', 'ADMIN', 'm', '4e98ccba228d9df7b4d48071ccda7f6c.png', NULL, 'Jakaś sygnaturka', '', 0),
(10, '0000-00-00 00:00:00', '0000-00-00 00:00:00', 'S', 'jpsiemce@gmail.com', '27c620fb0758ef77d540294f53a2451e7c2d4f27', '1c75832887', 'jpsiemce@gmail.com', NULL, NULL, NULL, NULL, 1342424058, 1409652155, 1, 'Marcin', 'Adamiecki', '', 'm', '456727050f23d39fe01dea0924317120.gif', '5c807cac632730ae16e8cc686a237d5e.jpg', 'Podpis pod komentarzami m.in.', '95% ludzi, widzac 4 linie o tej samej dlugosci polaczeone ze soba pod katem prostym powie ze to kwadrat. ', 0),
(11, '2012-09-25 06:29:25', '0000-00-00 00:00:00', 'Y', 'qsr@o2.pl', '07a310316792992c89a497ce427c0b80c5ab8dc7', 'ab9030f9fc', 'qsr@o2.pl', NULL, NULL, NULL, '8ec04a236430ec008f2434958f081c984bb59a7d', 1348554565, 1372497123, 1, '-k jjj dfgdfg', '', '', 'm', NULL, NULL, 'TEST! Klikamy Lubie to \nhttp://www.facebook.com/pages/Micha%C5%82-Lenny-painting-design-art/142354392490652\n\nKomentuje ciebie, odwdzięcz się tym samym   ', 'Oto mój profil fotograficzny... TEST!!!!', 1),
(17, '2013-01-18 14:37:43', '0000-00-00 00:00:00', 'Y', 'qsr@o2.pl', '48e6018ee68246cb441c700f151e00476905711d', 'a035fe75ab', 'jj_pietruszka@mmj.pl', NULL, NULL, NULL, NULL, 1358519864, 1364571905, 1, 'Jacek', 'Pietruszka', 'Siemianowice Śląskie', 'm', '28e573154dd46c9983355d35a6c505b4.gif', NULL, '', '', 1),
(18, '2013-03-18 14:44:30', '0000-00-00 00:00:00', '', 'j_pietruszka@mmj.pl', 'a8a486c7969be604c60995c1561d296a5282d857', '549b4dbcfb', 'j_pietruszka@mmj.pl', '259ab60646e303d84a5dabde3d4141e8bf2a1110', NULL, NULL, NULL, 1363617870, 1363617870, 0, NULL, NULL, NULL, NULL, NULL, NULL, NULL, NULL, 1),
(19, '2014-09-02 10:25:22', '0000-00-00 00:00:00', '127.0.0.1', 'pietruszka.jacek@outlook.com', '$2y$08$ZySjjJBbgC.FebSuV7awcuKf8pO5/QKG2nsuhqLy15YqDmcN6S4Eq', NULL, 'pietruszka.jacek@outlook.comm', '8de12fd8a62a5994da8adda2007a704589f18a4c', NULL, NULL, NULL, 1409653522, 1409653679, 0, NULL, NULL, NULL, NULL, NULL, NULL, NULL, NULL, 1),
(20, '2014-09-02 18:36:14', '0000-00-00 00:00:00', '127.0.0.1', 'pietruszka.jacek@outlook.com1', '$2y$08$wXg.uLnRj.V6kcoByBGUXuaRlll.lYVsBCr8RHjBY5qhYf4hqpwJ6', NULL, 'pietruszka.jacek@outlook.com', '7c4560e61d37d595a19992aa2557ddce9e6e1d36', NULL, NULL, NULL, 1409682974, 1409682974, 0, NULL, NULL, NULL, NULL, NULL, NULL, NULL, NULL, 1);

-- --------------------------------------------------------

--
-- Struktura tabeli dla tabeli `users_groups`
--

CREATE TABLE IF NOT EXISTS `users_groups` (
`id` mediumint(8) unsigned NOT NULL,
  `user_id` mediumint(8) unsigned NOT NULL,
  `group_id` mediumint(8) unsigned NOT NULL
) ENGINE=InnoDB  DEFAULT CHARSET=utf8 COLLATE=utf8_polish_ci AUTO_INCREMENT=22 ;

--
-- Zrzut danych tabeli `users_groups`
--

INSERT INTO `users_groups` (`id`, `user_id`, `group_id`) VALUES
(1, 1, 1),
(2, 1, 2),
(11, 10, 2),
(12, 11, 2),
(18, 17, 2),
(19, 18, 2),
(20, 19, 2),
(21, 20, 2);

-- --------------------------------------------------------

--
-- Struktura tabeli dla tabeli `views`
--

CREATE TABLE IF NOT EXISTS `views` (
`id` int(11) NOT NULL,
  `viewed` timestamp NOT NULL DEFAULT CURRENT_TIMESTAMP,
  `image_id` int(11) unsigned NOT NULL
) ENGINE=InnoDB  DEFAULT CHARSET=utf8 COLLATE=utf8_polish_ci AUTO_INCREMENT=3692 ;

--
-- Zrzut danych tabeli `views`
--

INSERT INTO `views` (`id`, `viewed`, `image_id`) VALUES
(5, '2012-11-23 17:31:38', 74),
(8, '2012-11-23 20:33:42', 75),
(9, '2012-11-24 12:23:02', 74),
(10, '2012-11-24 12:38:08', 74),
(11, '2012-11-24 12:38:18', 74),
(12, '2012-11-24 15:31:43', 74),
(13, '2012-11-25 10:15:17', 74),
(14, '2012-11-25 10:15:37', 74),
(15, '2012-11-25 10:23:35', 82),
(16, '2012-11-25 10:23:48', 82),
(17, '2012-11-25 10:31:28', 82),
(18, '2012-11-25 11:17:02', 74),
(19, '2012-11-25 12:04:54', 74),
(20, '2012-11-25 12:05:43', 58),
(21, '2012-11-25 12:05:52', 58),
(22, '2012-11-25 12:05:58', 58),
(23, '2012-11-25 12:11:34', 74),
(24, '2012-11-25 12:12:23', 74),
(25, '2012-11-25 12:12:28', 74),
(26, '2012-11-25 12:12:39', 74),
(27, '2012-11-25 12:41:10', 82),
(28, '2012-11-25 12:41:52', 74),
(29, '2012-11-25 12:43:44', 74),
(30, '2012-11-25 12:53:02', 74),
(31, '2012-11-25 12:53:05', 82),
(32, '2012-11-25 12:53:43', 82),
(33, '2012-11-25 12:56:14', 82),
(34, '2012-11-25 12:56:28', 74),
(35, '2012-11-25 12:56:34', 74),
(36, '2012-11-25 12:56:41', 84),
(37, '2012-11-25 12:56:46', 83),
(38, '2012-11-25 12:56:59', 82),
(41, '2012-11-25 13:01:54', 83),
(42, '2012-11-25 13:40:53', 74),
(43, '2012-11-25 14:16:33', 74),
(44, '2012-11-25 14:17:04', 74),
(45, '2012-11-25 14:27:52', 58),
(46, '2012-11-25 14:28:01', 83),
(47, '2012-11-25 14:33:05', 83),
(48, '2012-11-25 14:33:34', 74),
(49, '2012-11-25 14:36:40', 74),
(50, '2012-11-25 14:39:47', 74),
(51, '2012-11-25 14:43:11', 75),
(52, '2012-11-25 14:45:01', 74),
(53, '2012-11-25 14:45:41', 74),
(54, '2012-11-25 14:47:22', 74),
(55, '2012-11-25 14:59:45', 74),
(56, '2012-11-25 15:01:30', 74),
(57, '2012-11-25 15:02:41', 84),
(58, '2012-11-25 15:03:05', 84),
(59, '2012-11-25 15:03:25', 84),
(60, '2012-11-25 15:04:40', 82),
(61, '2012-11-25 15:04:52', 78),
(62, '2012-11-25 15:05:06', 77),
(63, '2012-11-25 15:05:09', 75),
(64, '2012-11-25 15:05:12', 58),
(65, '2012-11-25 15:05:16', 84),
(66, '2012-11-25 15:05:23', 58),
(67, '2012-11-25 15:05:26', 76),
(68, '2012-11-25 15:05:30', 77),
(69, '2012-11-25 15:05:33', 74),
(70, '2012-11-25 22:10:19', 74),
(71, '2012-11-25 22:32:38', 74),
(72, '2012-11-25 22:37:57', 74),
(73, '2012-11-25 23:45:45', 74),
(74, '2012-11-25 23:52:06', 83),
(75, '2012-11-26 19:45:38', 83),
(76, '2012-11-26 20:01:21', 83),
(77, '2012-11-26 20:01:38', 83),
(78, '2012-11-26 20:02:00', 83),
(79, '2012-11-26 20:03:36', 82),
(80, '2012-11-26 20:03:50', 58),
(81, '2012-11-26 20:05:21', 58),
(82, '2012-11-26 20:06:25', 58),
(83, '2012-11-26 20:13:23', 58),
(84, '2012-11-26 20:13:34', 58),
(85, '2012-11-26 20:16:17', 58),
(86, '2012-11-26 20:16:26', 58),
(87, '2012-11-26 20:21:42', 58),
(88, '2012-11-27 15:41:45', 58),
(89, '2012-11-27 15:42:17', 58),
(90, '2012-11-27 15:47:53', 58),
(91, '2012-11-27 15:48:01', 58),
(92, '2012-11-27 15:50:32', 58),
(93, '2012-11-27 15:57:17', 58),
(94, '2012-11-27 15:58:49', 58),
(95, '2012-11-27 16:01:25', 58),
(96, '2012-11-27 16:16:39', 58),
(97, '2012-11-27 16:18:54', 58),
(98, '2012-11-27 16:20:09', 58),
(99, '2012-11-27 16:20:41', 58),
(100, '2012-11-27 16:20:59', 58),
(101, '2012-11-27 16:25:18', 58),
(102, '2012-11-27 16:37:02', 84),
(103, '2012-11-27 16:37:19', 83),
(104, '2012-11-27 19:30:55', 74),
(105, '2012-11-28 17:03:13', 74),
(106, '2012-11-28 17:03:44', 74),
(107, '2012-11-28 17:03:55', 74),
(108, '2012-11-28 17:07:11', 74),
(109, '2012-11-28 17:07:38', 83),
(110, '2012-11-28 17:10:29', 83),
(111, '2012-11-28 17:10:49', 84),
(112, '2012-11-28 17:16:08', 84),
(113, '2012-11-28 17:17:22', 84),
(114, '2012-11-28 21:30:38', 74),
(115, '2012-11-28 21:30:56', 74),
(116, '2012-12-01 18:17:36', 74),
(117, '2012-12-02 16:11:17', 58),
(118, '2012-12-02 16:11:31', 58),
(119, '2012-12-02 16:13:38', 74),
(120, '2012-12-02 16:13:44', 84),
(121, '2012-12-02 16:21:25', 84),
(122, '2012-12-02 16:21:30', 74),
(123, '2012-12-02 16:21:47', 74),
(124, '2012-12-02 16:37:31', 84),
(125, '2012-12-02 16:37:38', 82),
(126, '2012-12-02 16:37:45', 58),
(127, '2012-12-02 19:42:57', 85),
(128, '2012-12-02 19:46:43', 85),
(129, '2012-12-02 19:46:58', 85),
(130, '2012-12-02 20:02:32', 85),
(131, '2012-12-02 20:15:10', 85),
(132, '2012-12-02 20:15:13', 85),
(133, '2012-12-02 20:15:45', 85),
(134, '2012-12-02 20:15:57', 83),
(135, '2012-12-02 20:16:14', 74),
(136, '2012-12-03 08:15:58', 85),
(137, '2012-12-03 08:16:04', 74),
(138, '2012-12-03 12:45:10', 85),
(139, '2012-12-03 12:45:17', 85),
(140, '2012-12-03 12:45:22', 85),
(141, '2012-12-03 13:43:51', 83),
(144, '2012-12-03 13:44:20', 78),
(145, '2012-12-03 14:02:46', 76),
(146, '2012-12-03 14:03:03', 75),
(147, '2012-12-04 15:20:23', 84),
(148, '2012-12-04 17:56:26', 78),
(149, '2012-12-04 17:56:34', 82),
(150, '2012-12-04 17:56:47', 83),
(152, '2012-12-04 17:56:59', 83),
(154, '2012-12-04 17:57:06', 83),
(155, '2012-12-04 17:59:46', 85),
(157, '2012-12-04 18:00:11', 85),
(163, '2012-12-04 23:45:18', 58),
(164, '2012-12-05 12:28:27', 75),
(165, '2012-12-07 16:24:43', 74),
(166, '2012-12-07 16:26:09', 74),
(167, '2012-12-07 16:30:55', 74),
(168, '2012-12-07 16:31:00', 74),
(169, '2012-12-07 16:33:46', 74),
(170, '2012-12-07 16:36:38', 74),
(171, '2012-12-07 16:37:00', 74),
(172, '2012-12-07 16:39:35', 74),
(173, '2012-12-07 16:40:15', 74),
(174, '2012-12-07 16:41:11', 74),
(175, '2012-12-07 16:44:06', 58),
(176, '2012-12-07 16:45:38', 58),
(177, '2012-12-07 16:47:01', 58),
(178, '2012-12-07 16:48:13', 58),
(179, '2012-12-07 16:48:41', 58),
(180, '2012-12-07 16:49:13', 58),
(181, '2012-12-07 16:49:28', 58),
(182, '2012-12-07 16:55:11', 58),
(183, '2012-12-07 16:56:38', 75),
(184, '2012-12-07 16:57:33', 76),
(185, '2012-12-07 19:50:55', 58),
(186, '2012-12-07 19:59:05', 58),
(187, '2012-12-07 20:00:44', 58),
(188, '2012-12-07 20:32:44', 58),
(189, '2012-12-07 20:32:47', 58),
(190, '2012-12-07 20:32:51', 58),
(191, '2012-12-07 20:33:17', 58),
(192, '2012-12-07 20:33:21', 58),
(193, '2012-12-07 20:56:40', 78),
(194, '2012-12-07 20:56:50', 77),
(195, '2012-12-07 20:59:57', 58),
(196, '2012-12-07 21:00:05', 58),
(197, '2012-12-07 21:00:15', 58),
(198, '2012-12-07 21:00:20', 58),
(199, '2012-12-08 13:17:19', 74),
(200, '2012-12-08 14:05:59', 58),
(201, '2012-12-08 14:07:25', 74),
(202, '2012-12-08 14:09:17', 74),
(203, '2012-12-08 14:10:03', 74),
(204, '2012-12-08 14:10:05', 74),
(205, '2012-12-08 16:05:00', 74),
(206, '2012-12-08 16:05:30', 74),
(207, '2012-12-08 16:05:45', 74),
(208, '2012-12-08 16:05:47', 74),
(209, '2012-12-08 16:06:08', 74),
(210, '2012-12-08 16:08:00', 74),
(211, '2012-12-08 17:23:19', 74),
(212, '2012-12-08 17:23:34', 83),
(213, '2012-12-08 20:42:01', 75),
(214, '2012-12-09 13:43:34', 75),
(215, '2012-12-09 13:44:08', 75),
(216, '2012-12-09 18:23:20', 58),
(217, '2012-12-09 18:33:44', 58),
(218, '2012-12-09 19:10:35', 74),
(219, '2012-12-09 19:10:49', 74),
(220, '2012-12-09 19:11:04', 84),
(221, '2012-12-09 19:11:42', 74),
(222, '2012-12-09 19:12:02', 74),
(223, '2012-12-09 19:12:13', 74),
(224, '2012-12-09 21:40:02', 74),
(225, '2012-12-09 21:40:11', 74),
(226, '2012-12-09 21:40:23', 74),
(227, '2012-12-09 21:41:45', 74),
(228, '2012-12-09 21:42:05', 74),
(229, '2012-12-09 21:42:08', 74),
(230, '2012-12-09 22:07:46', 74),
(231, '2012-12-09 22:08:52', 74),
(232, '2012-12-09 22:18:24', 74),
(233, '2012-12-09 22:18:25', 74),
(234, '2012-12-09 22:18:55', 74),
(235, '2012-12-09 22:19:10', 74),
(236, '2012-12-09 22:19:12', 74),
(237, '2012-12-09 22:19:42', 74),
(238, '2012-12-09 22:19:45', 74),
(239, '2012-12-09 22:24:04', 74),
(240, '2012-12-09 22:51:40', 74),
(241, '2012-12-10 09:37:14', 74),
(242, '2012-12-10 12:23:55', 83),
(243, '2012-12-10 12:24:40', 74),
(244, '2012-12-10 13:20:41', 74),
(245, '2012-12-10 13:21:03', 74),
(246, '2012-12-10 13:21:54', 74),
(247, '2012-12-10 13:32:06', 74),
(248, '2012-12-10 13:32:37', 74),
(249, '2012-12-10 13:35:41', 74),
(250, '2012-12-10 13:35:46', 74),
(251, '2012-12-10 13:37:08', 74),
(252, '2012-12-10 13:37:33', 74),
(253, '2012-12-10 13:39:21', 74),
(254, '2012-12-10 13:39:50', 74),
(255, '2012-12-10 13:41:01', 74),
(256, '2012-12-10 13:41:12', 74),
(257, '2012-12-10 13:43:37', 74),
(258, '2012-12-10 13:44:11', 74),
(259, '2012-12-10 13:44:55', 74),
(260, '2012-12-10 13:45:21', 74),
(261, '2012-12-10 13:46:22', 74),
(262, '2012-12-10 13:46:48', 74),
(263, '2012-12-10 14:08:11', 85),
(264, '2012-12-10 14:08:39', 58),
(265, '2012-12-10 14:09:19', 58),
(266, '2012-12-10 14:10:07', 78),
(267, '2012-12-10 14:10:15', 75),
(268, '2012-12-10 14:10:39', 76),
(269, '2012-12-10 14:10:53', 76),
(270, '2012-12-10 14:11:27', 74),
(271, '2012-12-10 14:12:01', 74),
(272, '2012-12-10 14:13:13', 85),
(273, '2012-12-10 14:16:28', 74),
(274, '2012-12-10 14:16:39', 74),
(275, '2012-12-10 14:17:04', 74),
(276, '2012-12-10 14:17:39', 74),
(277, '2012-12-10 15:09:34', 58),
(278, '2012-12-11 04:41:24', 74),
(279, '2012-12-12 11:41:19', 74),
(280, '2012-12-12 11:41:36', 74),
(281, '2012-12-12 11:42:20', 75),
(282, '2012-12-13 09:32:07', 58),
(283, '2012-12-13 10:03:25', 78),
(284, '2012-12-13 10:03:30', 75),
(285, '2012-12-13 10:03:31', 76),
(286, '2012-12-13 10:11:43', 76),
(287, '2012-12-13 10:11:51', 76),
(288, '2012-12-13 10:13:43', 76),
(289, '2012-12-13 10:24:19', 58),
(290, '2012-12-13 20:30:52', 74),
(291, '2012-12-13 20:38:00', 74),
(292, '2012-12-13 20:41:06', 74),
(293, '2012-12-13 20:50:01', 76),
(294, '2012-12-13 20:50:14', 74),
(295, '2012-12-14 10:57:31', 74),
(296, '2012-12-14 10:59:06', 82),
(297, '2012-12-14 10:59:30', 82),
(298, '2012-12-14 10:59:35', 84),
(299, '2012-12-14 10:59:48', 84),
(300, '2012-12-14 11:00:01', 84),
(301, '2012-12-14 11:03:51', 84),
(302, '2012-12-14 11:07:01', 84),
(303, '2012-12-14 11:08:16', 84),
(304, '2012-12-14 11:20:19', 84),
(305, '2012-12-14 11:20:38', 58),
(306, '2012-12-14 11:20:49', 58),
(307, '2012-12-14 11:27:52', 84),
(308, '2012-12-14 11:28:14', 84),
(309, '2012-12-14 11:28:41', 84),
(310, '2012-12-14 11:29:11', 84),
(311, '2012-12-14 11:36:11', 84),
(312, '2012-12-14 11:39:03', 84),
(313, '2012-12-14 11:42:37', 84),
(314, '2012-12-14 11:46:17', 84),
(315, '2012-12-14 11:50:55', 74),
(316, '2012-12-14 11:52:08', 75),
(317, '2012-12-14 11:53:23', 58),
(318, '2012-12-14 11:54:16', 75),
(319, '2012-12-14 11:54:27', 75),
(320, '2012-12-14 11:54:33', 58),
(321, '2012-12-14 11:55:07', 58),
(322, '2012-12-14 11:55:26', 58),
(323, '2012-12-14 11:56:12', 58),
(324, '2012-12-14 13:05:51', 58),
(325, '2012-12-14 13:05:57', 58),
(326, '2012-12-14 13:06:42', 58),
(327, '2012-12-14 14:50:33', 58),
(328, '2012-12-14 14:51:30', 58),
(329, '2012-12-14 14:54:14', 58),
(330, '2012-12-14 14:55:39', 75),
(331, '2012-12-14 15:03:58', 58),
(332, '2012-12-14 15:04:13', 58),
(333, '2012-12-14 15:08:44', 58),
(334, '2012-12-14 15:08:59', 58),
(335, '2012-12-14 15:09:13', 58),
(336, '2012-12-14 15:36:46', 74),
(337, '2012-12-14 16:04:48', 83),
(338, '2012-12-14 16:04:53', 77),
(339, '2012-12-14 16:04:59', 76),
(340, '2012-12-14 16:05:05', 75),
(341, '2012-12-14 16:05:11', 82),
(342, '2012-12-14 16:05:59', 82),
(343, '2012-12-14 16:11:39', 74),
(344, '2012-12-14 16:11:47', 58),
(345, '2012-12-14 16:12:04', 78),
(346, '2012-12-14 16:12:07', 77),
(347, '2012-12-14 16:12:10', 76),
(348, '2012-12-14 16:12:17', 58),
(349, '2012-12-14 16:15:55', 58),
(350, '2012-12-14 16:21:38', 58),
(351, '2012-12-14 16:23:45', 58),
(352, '2012-12-14 16:27:45', 58),
(353, '2012-12-14 16:28:02', 58),
(354, '2012-12-14 16:40:00', 58),
(355, '2012-12-14 16:40:09', 58),
(356, '2012-12-14 16:40:23', 58),
(357, '2012-12-14 16:40:40', 58),
(358, '2012-12-14 16:40:46', 58),
(359, '2012-12-14 16:52:03', 58),
(360, '2012-12-14 16:53:35', 58),
(361, '2012-12-14 16:58:32', 58),
(362, '2012-12-14 17:04:26', 58),
(363, '2012-12-14 17:13:32', 58),
(364, '2012-12-14 17:14:44', 58),
(365, '2012-12-14 17:17:00', 58),
(366, '2012-12-14 17:34:48', 58),
(367, '2012-12-14 18:30:12', 58),
(368, '2012-12-14 21:23:23', 58),
(369, '2012-12-14 21:23:32', 58),
(370, '2012-12-14 21:24:27', 58),
(371, '2012-12-14 21:25:31', 58),
(372, '2012-12-14 21:25:43', 58),
(373, '2012-12-14 21:25:58', 58),
(374, '2012-12-14 22:33:02', 58),
(375, '2012-12-14 22:37:19', 58),
(376, '2012-12-14 22:37:37', 58),
(377, '2012-12-14 22:37:45', 58),
(378, '2012-12-14 22:37:50', 58),
(379, '2012-12-14 22:37:57', 58),
(380, '2012-12-14 22:43:30', 58),
(381, '2012-12-14 22:44:11', 58),
(382, '2012-12-14 22:45:54', 58),
(383, '2012-12-14 22:46:05', 58),
(384, '2012-12-14 22:46:33', 58),
(385, '2012-12-14 22:47:35', 58),
(386, '2012-12-14 22:48:00', 58),
(387, '2012-12-14 22:48:17', 58),
(388, '2012-12-14 22:48:20', 58),
(389, '2012-12-14 22:49:51', 58),
(390, '2012-12-14 22:51:13', 58),
(391, '2012-12-14 22:54:28', 58),
(392, '2012-12-14 22:54:50', 58),
(393, '2012-12-14 22:56:36', 58),
(394, '2012-12-14 22:56:59', 58),
(395, '2012-12-14 22:57:15', 58),
(396, '2012-12-14 22:57:29', 58),
(397, '2012-12-14 22:57:41', 58),
(398, '2012-12-14 23:00:20', 58),
(399, '2012-12-15 11:16:17', 58),
(400, '2012-12-15 11:16:32', 58),
(401, '2012-12-15 11:16:39', 75),
(402, '2012-12-15 11:16:47', 76),
(403, '2012-12-15 11:16:58', 78),
(404, '2012-12-15 11:17:02', 77),
(405, '2012-12-15 11:17:08', 74),
(406, '2012-12-15 11:17:38', 58),
(407, '2012-12-15 11:53:05', 58),
(408, '2012-12-15 11:53:51', 58),
(409, '2012-12-15 11:54:13', 58),
(410, '2012-12-15 11:54:20', 58),
(411, '2012-12-15 11:54:26', 58),
(412, '2012-12-15 11:54:36', 58),
(413, '2012-12-15 11:57:37', 75),
(414, '2012-12-15 12:10:03', 58),
(415, '2012-12-15 12:17:47', 74),
(416, '2012-12-15 12:24:31', 74),
(417, '2012-12-15 12:26:34', 82),
(418, '2012-12-15 13:49:33', 82),
(419, '2012-12-15 13:49:41', 74),
(420, '2012-12-15 13:50:03', 75),
(421, '2012-12-15 13:50:09', 58),
(422, '2012-12-15 13:50:25', 58),
(423, '2012-12-15 14:36:18', 58),
(424, '2012-12-15 14:37:38', 58),
(425, '2012-12-15 14:38:03', 75),
(426, '2012-12-15 14:38:09', 76),
(427, '2012-12-15 14:38:12', 58),
(428, '2012-12-15 14:39:35', 58),
(429, '2012-12-15 14:40:06', 58),
(430, '2012-12-15 14:40:16', 58),
(431, '2012-12-15 14:40:26', 58),
(432, '2012-12-15 14:41:24', 58),
(433, '2012-12-15 14:41:36', 58),
(434, '2012-12-15 14:41:46', 58),
(435, '2012-12-15 14:42:07', 58),
(436, '2012-12-15 14:42:38', 74),
(437, '2012-12-15 14:42:55', 58),
(438, '2012-12-15 14:43:36', 58),
(439, '2012-12-15 14:43:44', 58),
(440, '2012-12-15 14:44:08', 58),
(441, '2012-12-15 14:44:27', 58),
(442, '2012-12-15 14:44:35', 58),
(443, '2012-12-15 14:45:25', 58),
(444, '2012-12-15 14:46:36', 74),
(445, '2012-12-15 14:46:54', 74),
(446, '2012-12-15 14:47:03', 74),
(447, '2012-12-15 14:47:15', 58),
(448, '2012-12-15 14:47:50', 74),
(449, '2012-12-15 14:48:22', 82),
(450, '2012-12-15 14:48:34', 82),
(451, '2012-12-15 14:48:43', 82),
(452, '2012-12-15 14:49:15', 82),
(453, '2012-12-15 14:50:02', 82),
(454, '2012-12-15 14:50:41', 82),
(455, '2012-12-15 14:55:26', 85),
(456, '2012-12-15 14:55:32', 84),
(457, '2012-12-15 14:55:34', 83),
(458, '2012-12-15 14:57:37', 85),
(459, '2012-12-15 14:59:09', 85),
(460, '2012-12-15 14:59:23', 58),
(461, '2012-12-15 14:59:37', 74),
(462, '2012-12-15 14:59:47', 85),
(463, '2012-12-15 14:59:56', 84),
(464, '2012-12-15 14:59:59', 82),
(465, '2012-12-15 15:00:04', 78),
(466, '2012-12-15 15:04:22', 58),
(467, '2012-12-15 15:18:10', 85),
(468, '2012-12-15 15:18:39', 85),
(469, '2012-12-15 15:18:49', 85),
(470, '2012-12-15 15:19:37', 85),
(471, '2012-12-15 15:19:43', 58),
(472, '2012-12-15 15:19:52', 58),
(473, '2012-12-15 15:19:59', 58),
(474, '2012-12-15 15:20:27', 82),
(475, '2012-12-15 15:20:36', 82),
(476, '2012-12-15 15:20:42', 74),
(477, '2012-12-15 15:20:50', 74),
(478, '2012-12-15 15:20:56', 58),
(479, '2012-12-15 15:27:23', 86),
(480, '2012-12-15 15:27:50', 86),
(481, '2012-12-15 15:28:08', 86),
(482, '2012-12-15 15:28:59', 86),
(483, '2012-12-15 15:32:17', 87),
(484, '2012-12-15 15:35:39', 88),
(485, '2012-12-15 15:35:50', 88),
(486, '2012-12-15 15:36:33', 88),
(487, '2012-12-15 15:36:37', 87),
(488, '2012-12-15 15:36:38', 86),
(489, '2012-12-15 15:36:40', 85),
(490, '2012-12-15 15:38:31', 87),
(491, '2012-12-15 15:38:39', 88),
(492, '2012-12-15 15:42:54', 89),
(493, '2012-12-15 16:00:33', 90),
(494, '2012-12-15 16:09:56', 91),
(495, '2012-12-15 16:19:42', 92),
(496, '2012-12-15 16:26:11', 93),
(497, '2012-12-15 16:28:16', 94),
(498, '2012-12-15 16:28:26', 94),
(499, '2012-12-15 16:29:45', 94),
(502, '2012-12-15 16:32:41', 94),
(503, '2012-12-15 16:35:30', 94),
(504, '2012-12-15 16:42:22', 89),
(505, '2012-12-15 17:17:10', 91),
(506, '2012-12-15 17:17:26', 88),
(507, '2012-12-15 17:17:38', 94),
(508, '2012-12-15 17:17:47', 86),
(509, '2012-12-15 17:18:06', 86),
(510, '2012-12-15 17:18:20', 86),
(511, '2012-12-15 17:19:06', 83),
(512, '2012-12-15 17:19:19', 85),
(513, '2012-12-15 17:19:28', 74),
(514, '2012-12-15 17:19:54', 74),
(515, '2012-12-15 17:20:05', 74),
(516, '2012-12-15 18:09:55', 89),
(517, '2012-12-15 21:00:29', 85),
(518, '2012-12-15 21:00:37', 91),
(519, '2012-12-15 21:00:41', 87),
(520, '2012-12-15 21:00:49', 85),
(521, '2012-12-15 21:01:00', 88),
(522, '2012-12-15 21:02:39', 88),
(523, '2012-12-15 21:03:01', 74),
(524, '2012-12-15 21:03:20', 74),
(525, '2012-12-15 21:03:29', 74),
(526, '2012-12-15 21:11:12', 87),
(527, '2012-12-15 21:11:16', 92),
(528, '2012-12-15 21:11:41', 94),
(529, '2012-12-15 21:11:51', 89),
(530, '2012-12-15 21:12:02', 89),
(531, '2012-12-15 21:12:12', 91),
(532, '2012-12-15 21:12:27', 88),
(533, '2012-12-15 21:51:48', 86),
(534, '2012-12-15 21:52:34', 86),
(535, '2012-12-15 21:52:46', 82),
(536, '2012-12-15 21:52:52', 74),
(537, '2012-12-15 21:53:00', 89),
(538, '2012-12-15 21:53:31', 88),
(539, '2012-12-16 11:19:34', 91),
(540, '2012-12-16 11:31:35', 90),
(541, '2012-12-16 11:31:38', 93),
(542, '2012-12-16 11:31:42', 92),
(543, '2012-12-16 11:31:44', 88),
(544, '2012-12-16 11:35:13', 88),
(545, '2012-12-16 11:39:19', 93),
(546, '2012-12-16 11:40:32', 93),
(547, '2012-12-16 11:45:12', 91),
(548, '2012-12-16 11:45:17', 93),
(549, '2012-12-16 11:45:20', 90),
(550, '2012-12-16 11:45:21', 91),
(551, '2012-12-16 11:46:48', 91),
(552, '2012-12-16 11:47:01', 87),
(553, '2012-12-16 11:47:31', 89),
(554, '2012-12-16 11:48:07', 93),
(555, '2012-12-16 11:48:27', 86),
(556, '2012-12-16 12:30:22', 88),
(557, '2012-12-16 12:30:34', 88),
(558, '2012-12-16 12:36:20', 88),
(559, '2012-12-16 12:38:00', 85),
(560, '2012-12-16 12:38:58', 84),
(561, '2012-12-16 12:42:19', 84),
(562, '2012-12-16 12:50:01', 93),
(563, '2012-12-16 12:50:07', 90),
(564, '2012-12-16 12:50:17', 76),
(565, '2012-12-16 12:50:20', 78),
(566, '2012-12-16 12:51:02', 76),
(567, '2012-12-16 12:52:38', 93),
(568, '2012-12-16 12:52:42', 92),
(569, '2012-12-16 12:53:33', 92),
(570, '2012-12-16 12:54:22', 92),
(571, '2012-12-16 13:00:38', 93),
(572, '2012-12-16 13:52:29', 96),
(573, '2012-12-16 13:53:19', 96),
(574, '2012-12-16 13:55:15', 96),
(575, '2012-12-16 13:56:00', 96),
(576, '2012-12-16 13:57:38', 88),
(577, '2012-12-16 14:06:34', 96),
(578, '2012-12-16 14:14:58', 96),
(579, '2012-12-16 14:15:46', 96),
(580, '2012-12-16 14:16:41', 96),
(581, '2012-12-16 14:17:46', 96),
(582, '2012-12-16 14:18:14', 96),
(583, '2012-12-16 14:18:33', 96),
(584, '2012-12-16 14:22:09', 93),
(585, '2012-12-16 14:23:34', 96),
(586, '2012-12-16 16:14:03', 96),
(587, '2012-12-16 16:19:10', 96),
(588, '2012-12-16 16:20:36', 77),
(589, '2012-12-16 16:21:03', 96),
(590, '2012-12-16 16:21:26', 96),
(591, '2012-12-16 16:22:52', 96),
(592, '2012-12-16 16:26:31', 96),
(593, '2012-12-16 16:27:25', 92),
(594, '2012-12-16 16:29:06', 92),
(595, '2012-12-16 16:35:07', 92),
(596, '2012-12-16 16:36:56', 92),
(597, '2012-12-16 16:58:41', 96),
(598, '2012-12-16 17:01:29', 96),
(599, '2012-12-16 17:03:25', 96),
(600, '2012-12-16 17:04:25', 94),
(601, '2012-12-16 17:04:30', 92),
(602, '2012-12-16 17:04:34', 91),
(603, '2012-12-16 17:04:36', 90),
(604, '2012-12-16 17:04:40', 89),
(605, '2012-12-16 18:10:47', 96),
(606, '2012-12-16 18:16:33', 75),
(607, '2012-12-16 18:17:08', 96),
(608, '2012-12-16 18:52:02', 96),
(609, '2012-12-16 18:53:16', 96),
(610, '2012-12-16 18:56:12', 96),
(611, '2012-12-16 18:56:16', 96),
(612, '2012-12-16 18:56:49', 96),
(613, '2012-12-16 18:57:31', 96),
(614, '2012-12-16 19:14:34', 96),
(615, '2012-12-16 20:39:21', 85),
(616, '2012-12-16 20:50:00', 85),
(617, '2012-12-16 20:50:42', 85),
(618, '2012-12-16 20:54:11', 85),
(619, '2012-12-16 20:54:29', 85),
(620, '2012-12-16 20:54:48', 85),
(621, '2012-12-16 20:54:56', 85),
(622, '2012-12-16 21:00:31', 96),
(623, '2012-12-16 21:01:39', 58),
(624, '2012-12-16 23:18:34', 96),
(625, '2012-12-16 23:19:05', 94),
(626, '2012-12-16 23:19:18', 85),
(627, '2012-12-16 23:19:26', 96),
(628, '2012-12-16 23:43:12', 96),
(629, '2012-12-16 23:43:45', 93),
(630, '2012-12-16 23:44:22', 93),
(631, '2012-12-16 23:58:55', 93),
(632, '2012-12-16 23:59:10', 94),
(633, '2012-12-16 23:59:15', 93),
(634, '2012-12-16 23:59:17', 94),
(635, '2012-12-16 23:59:22', 87),
(636, '2012-12-16 23:59:26', 75),
(637, '2012-12-16 23:59:30', 58),
(638, '2012-12-16 23:59:37', 75),
(639, '2012-12-16 23:59:40', 96),
(640, '2012-12-16 23:59:52', 78),
(641, '2012-12-17 00:06:21', 78),
(642, '2012-12-17 00:07:37', 78),
(643, '2012-12-17 00:07:46', 77),
(644, '2012-12-17 00:07:49', 76),
(645, '2012-12-17 00:07:52', 75),
(646, '2012-12-17 00:07:54', 58),
(647, '2012-12-17 00:09:40', 96),
(648, '2012-12-17 00:09:49', 77),
(649, '2012-12-17 00:09:52', 92),
(650, '2012-12-17 00:10:03', 89),
(651, '2012-12-17 00:10:07', 90),
(652, '2012-12-17 00:10:10', 89),
(653, '2012-12-17 00:10:15', 90),
(654, '2012-12-17 00:10:16', 91),
(655, '2012-12-17 00:10:20', 92),
(656, '2012-12-17 00:10:23', 93),
(657, '2012-12-17 00:10:55', 84),
(658, '2012-12-17 00:11:01', 83),
(659, '2012-12-17 00:11:07', 82),
(660, '2012-12-17 00:18:00', 82),
(661, '2012-12-17 00:18:06', 83),
(662, '2012-12-17 00:18:25', 74),
(663, '2012-12-17 00:18:33', 82),
(664, '2012-12-17 00:18:35', 83),
(665, '2012-12-17 00:18:36', 84),
(666, '2012-12-17 00:18:46', 96),
(667, '2012-12-17 00:18:51', 78),
(668, '2012-12-17 00:18:53', 77),
(669, '2012-12-17 00:18:55', 76),
(670, '2012-12-17 00:18:57', 75),
(671, '2012-12-17 00:18:59', 58),
(672, '2012-12-17 00:19:44', 90),
(673, '2012-12-17 00:19:49', 89),
(674, '2012-12-17 00:19:51', 88),
(675, '2012-12-17 00:19:53', 87),
(676, '2012-12-17 00:19:56', 86),
(677, '2012-12-17 00:19:59', 85),
(678, '2012-12-17 00:20:09', 86),
(679, '2012-12-17 00:20:11', 87),
(680, '2012-12-17 00:20:35', 96),
(681, '2012-12-17 00:21:16', 86),
(682, '2012-12-17 00:21:19', 87),
(683, '2012-12-17 00:21:21', 86),
(684, '2012-12-17 00:21:23', 85),
(685, '2012-12-17 00:21:28', 86),
(686, '2012-12-17 00:23:08', 96),
(687, '2012-12-17 00:23:21', 84),
(688, '2012-12-17 00:23:28', 83),
(689, '2012-12-17 00:23:30', 82),
(690, '2012-12-17 00:23:32', 74),
(691, '2012-12-17 00:23:40', 58),
(692, '2012-12-17 00:23:45', 75),
(693, '2012-12-17 00:25:53', 87),
(694, '2012-12-17 12:03:50', 96),
(695, '2012-12-17 12:03:56', 78),
(696, '2012-12-17 12:03:58', 77),
(697, '2012-12-17 12:04:00', 76),
(698, '2012-12-17 12:07:51', 77),
(699, '2012-12-17 12:07:53', 76),
(700, '2012-12-17 12:08:12', 96),
(701, '2012-12-17 12:09:33', 96),
(702, '2012-12-17 12:16:25', 75),
(703, '2012-12-17 12:16:28', 58),
(704, '2012-12-17 12:20:25', 96),
(705, '2012-12-17 12:21:41', 96),
(706, '2012-12-17 12:22:43', 86),
(707, '2012-12-17 12:26:01', 87),
(708, '2012-12-17 13:02:29', 93),
(709, '2012-12-17 13:08:26', 88),
(710, '2012-12-17 13:22:03', 93),
(711, '2012-12-17 14:03:28', 86),
(712, '2012-12-17 14:04:24', 96),
(713, '2012-12-17 14:04:32', 78),
(714, '2012-12-17 14:04:35', 77),
(715, '2012-12-17 14:04:37', 76),
(716, '2012-12-17 14:04:39', 75),
(717, '2012-12-17 14:04:48', 58),
(718, '2012-12-17 14:11:26', 88),
(719, '2012-12-17 14:14:12', 91),
(720, '2012-12-17 14:14:41', 58),
(721, '2012-12-17 14:15:03', 58),
(722, '2012-12-17 14:20:51', 92),
(723, '2012-12-17 14:33:18', 85),
(724, '2012-12-17 14:33:23', 91),
(725, '2012-12-17 14:33:25', 87),
(726, '2012-12-17 14:50:19', 96),
(727, '2012-12-17 15:28:50', 86),
(728, '2012-12-17 15:35:46', 96),
(729, '2012-12-17 15:41:08', 78),
(730, '2012-12-17 15:44:11', 88),
(731, '2012-12-17 16:09:58', 96),
(732, '2012-12-17 16:41:47', 90),
(733, '2012-12-17 17:55:51', 87),
(734, '2012-12-17 18:07:45', 96),
(735, '2012-12-17 18:08:15', 96),
(736, '2012-12-17 18:08:31', 90),
(737, '2012-12-17 18:08:33', 89),
(738, '2012-12-17 18:28:07', 85),
(739, '2012-12-17 18:28:10', 86),
(740, '2012-12-17 18:28:12', 87),
(741, '2012-12-17 18:28:13', 86),
(742, '2012-12-17 18:28:15', 87),
(743, '2012-12-17 18:28:16', 88),
(744, '2012-12-17 18:28:17', 89),
(745, '2012-12-17 18:28:19', 90),
(746, '2012-12-17 18:28:20', 91),
(747, '2012-12-17 18:31:50', 84),
(748, '2012-12-17 18:32:13', 74),
(749, '2012-12-17 18:59:27', 96),
(750, '2012-12-17 19:01:29', 87),
(751, '2012-12-17 19:01:30', 89),
(752, '2012-12-17 19:01:32', 87),
(753, '2012-12-17 19:01:33', 91),
(754, '2012-12-17 19:09:09', 88),
(755, '2012-12-17 19:09:14', 96),
(756, '2012-12-17 21:00:49', 96),
(757, '2012-12-17 21:01:07', 96),
(758, '2012-12-17 21:01:55', 96),
(759, '2012-12-18 14:12:04', 94),
(760, '2012-12-18 14:24:47', 96),
(761, '2012-12-18 14:24:50', 96),
(762, '2012-12-18 14:25:39', 78),
(763, '2012-12-18 14:25:41', 77),
(764, '2012-12-18 14:25:44', 76),
(765, '2012-12-18 14:31:18', 96),
(766, '2012-12-18 14:42:59', 85),
(767, '2012-12-18 14:46:38', 96),
(768, '2012-12-18 14:49:02', 92),
(769, '2012-12-18 14:49:35', 89),
(770, '2012-12-18 15:14:42', 94),
(771, '2012-12-18 15:15:22', 75),
(772, '2012-12-18 15:28:18', 83),
(773, '2012-12-18 15:43:56', 86),
(774, '2012-12-18 16:10:25', 87),
(775, '2012-12-18 16:15:23', 96),
(776, '2012-12-18 16:18:05', 87),
(777, '2012-12-18 16:18:13', 75),
(778, '2012-12-18 16:18:17', 84),
(779, '2012-12-18 16:21:09', 96),
(780, '2012-12-18 16:29:12', 84),
(781, '2012-12-18 16:29:32', 84),
(782, '2012-12-18 16:49:04', 75),
(783, '2012-12-18 16:49:53', 85),
(784, '2012-12-18 16:57:23', 75),
(785, '2012-12-18 17:01:02', 92),
(786, '2012-12-18 17:10:47', 91),
(787, '2012-12-18 17:10:50', 75),
(788, '2012-12-18 17:10:55', 82),
(789, '2012-12-18 17:14:57', 86),
(790, '2012-12-18 21:39:36', 93),
(791, '2012-12-18 21:42:00', 77),
(792, '2012-12-18 21:42:15', 75),
(793, '2012-12-18 21:42:19', 82),
(794, '2012-12-18 21:43:20', 96),
(795, '2012-12-18 21:43:29', 93),
(796, '2012-12-18 21:43:30', 94),
(797, '2012-12-18 21:43:54', 96),
(798, '2012-12-18 21:43:59', 78),
(799, '2012-12-18 21:44:00', 77),
(800, '2012-12-18 21:44:00', 76),
(801, '2012-12-18 21:44:01', 75),
(802, '2012-12-18 21:44:02', 58),
(803, '2012-12-18 21:44:04', 96),
(804, '2012-12-18 21:51:04', 96),
(805, '2012-12-18 21:51:22', 96),
(806, '2012-12-18 21:51:39', 96),
(807, '2012-12-18 21:57:55', 96),
(808, '2012-12-18 22:00:23', 96),
(809, '2012-12-18 22:01:40', 85),
(810, '2012-12-18 22:07:18', 96),
(811, '2012-12-18 22:07:44', 96),
(812, '2012-12-18 22:08:29', 75),
(813, '2012-12-18 22:08:32', 85),
(814, '2012-12-18 22:08:40', 84),
(815, '2012-12-18 22:09:27', 74),
(816, '2012-12-18 22:10:03', 96),
(817, '2012-12-18 22:31:38', 91),
(818, '2012-12-18 22:42:40', 93),
(819, '2012-12-18 22:45:03', 86),
(820, '2012-12-18 22:45:04', 87),
(821, '2012-12-18 22:45:49', 96),
(822, '2012-12-18 22:49:49', 96),
(823, '2012-12-18 22:50:19', 96),
(824, '2012-12-18 23:00:07', 96),
(825, '2012-12-18 23:16:03', 82),
(826, '2012-12-18 23:55:22', 96),
(827, '2012-12-19 00:10:42', 96),
(828, '2012-12-19 00:10:51', 58),
(829, '2012-12-19 00:10:53', 78),
(830, '2012-12-19 00:10:54', 96),
(831, '2012-12-19 00:10:58', 86),
(832, '2012-12-19 00:11:00', 90),
(833, '2012-12-19 00:11:01', 93),
(834, '2012-12-19 10:47:18', 91),
(835, '2012-12-19 10:47:26', 92),
(836, '2012-12-19 10:47:28', 88),
(837, '2012-12-19 10:47:31', 84),
(838, '2012-12-19 10:48:12', 82),
(839, '2012-12-19 10:50:34', 86),
(840, '2012-12-19 10:50:40', 89),
(841, '2012-12-19 10:50:42', 93),
(842, '2012-12-19 10:50:47', 92),
(843, '2012-12-19 10:50:49', 93),
(844, '2012-12-19 10:50:50', 94),
(845, '2012-12-19 11:30:54', 96),
(846, '2012-12-19 12:23:06', 96),
(847, '2012-12-19 12:23:29', 96),
(848, '2012-12-19 12:23:52', 58),
(849, '2012-12-19 12:23:59', 58),
(850, '2012-12-19 12:29:58', 58),
(851, '2012-12-19 12:30:16', 87),
(852, '2012-12-19 12:30:19', 75),
(853, '2012-12-19 12:30:23', 78),
(854, '2012-12-19 21:37:02', 96),
(855, '2012-12-19 21:38:15', 88),
(856, '2012-12-19 21:38:28', 88),
(857, '2012-12-19 21:38:36', 94),
(858, '2012-12-19 21:38:38', 93),
(859, '2012-12-19 21:39:22', 89),
(860, '2012-12-19 21:40:20', 96),
(861, '2012-12-19 21:40:28', 86),
(862, '2012-12-19 21:40:32', 82),
(863, '2012-12-19 21:41:18', 96),
(864, '2012-12-19 21:43:32', 84),
(865, '2012-12-19 21:44:05', 91),
(866, '2012-12-19 21:44:06', 92),
(867, '2012-12-19 21:44:14', 93),
(868, '2012-12-19 21:44:17', 92),
(869, '2012-12-19 21:52:30', 96),
(870, '2012-12-19 21:52:34', 86),
(871, '2012-12-19 21:52:36', 85),
(872, '2012-12-19 21:52:43', 75),
(873, '2012-12-19 21:52:45', 76),
(874, '2012-12-19 21:52:46', 77),
(875, '2012-12-19 21:52:47', 78),
(876, '2012-12-19 21:52:48', 96),
(877, '2012-12-19 21:52:50', 78),
(878, '2012-12-19 21:52:50', 77),
(879, '2012-12-19 21:52:50', 76),
(880, '2012-12-19 21:52:51', 75),
(881, '2012-12-19 21:52:52', 58),
(882, '2012-12-19 21:55:23', 96),
(883, '2012-12-19 21:56:56', 97),
(884, '2012-12-19 21:57:20', 97),
(885, '2012-12-19 21:57:38', 97),
(886, '2012-12-19 21:57:43', 92),
(887, '2012-12-19 21:57:56', 92),
(888, '2012-12-19 21:58:00', 97),
(889, '2012-12-19 21:58:06', 97),
(890, '2012-12-19 21:58:27', 76),
(891, '2012-12-20 21:41:52', 97),
(892, '2012-12-20 21:42:10', 97),
(893, '2012-12-20 21:42:41', 97),
(894, '2012-12-20 21:42:56', 97),
(895, '2012-12-20 21:43:19', 96),
(896, '2012-12-20 21:43:22', 78),
(897, '2012-12-20 21:43:23', 77),
(898, '2012-12-20 21:43:24', 97),
(899, '2012-12-20 21:57:44', 96),
(900, '2012-12-21 07:53:21', 96),
(901, '2012-12-21 07:53:34', 75),
(902, '2012-12-21 07:53:35', 58),
(903, '2012-12-21 07:53:36', 78),
(904, '2012-12-21 07:53:53', 84),
(905, '2012-12-21 07:58:03', 92),
(906, '2012-12-21 07:58:09', 97),
(907, '2012-12-21 07:58:27', 96),
(908, '2012-12-21 07:58:35', 97),
(909, '2012-12-21 07:58:38', 96),
(910, '2012-12-21 07:58:39', 78),
(911, '2012-12-21 07:58:39', 77),
(912, '2012-12-21 07:58:40', 76),
(913, '2012-12-21 07:58:40', 75),
(914, '2012-12-21 07:58:41', 58),
(915, '2012-12-21 07:58:42', 76),
(916, '2012-12-21 07:58:50', 88),
(917, '2012-12-21 07:58:54', 91),
(918, '2012-12-21 07:59:24', 89),
(919, '2012-12-21 07:59:42', 90),
(920, '2012-12-21 07:59:44', 94),
(921, '2012-12-21 08:00:04', 78),
(922, '2012-12-21 08:09:04', 88),
(923, '2012-12-21 08:10:00', 84),
(924, '2012-12-21 08:10:18', 85),
(925, '2012-12-21 08:10:27', 86),
(926, '2012-12-21 08:11:20', 96),
(927, '2012-12-21 08:11:25', 78),
(928, '2012-12-21 08:11:26', 96),
(929, '2012-12-21 08:11:26', 97),
(930, '2012-12-21 08:11:28', 96),
(931, '2012-12-21 08:12:11', 87),
(932, '2012-12-21 08:12:15', 89),
(933, '2012-12-21 08:12:17', 88),
(934, '2012-12-21 08:12:19', 93),
(935, '2012-12-21 08:12:21', 94),
(936, '2012-12-21 08:12:23', 87),
(937, '2012-12-21 08:13:03', 91),
(938, '2012-12-21 08:13:05', 92),
(939, '2012-12-21 08:13:06', 93),
(940, '2012-12-21 08:13:07', 94),
(941, '2012-12-21 08:13:09', 93),
(942, '2012-12-21 08:13:10', 92),
(943, '2012-12-21 08:13:11', 91),
(944, '2012-12-21 08:13:11', 90),
(945, '2012-12-21 08:13:18', 89),
(946, '2012-12-21 08:13:19', 88),
(947, '2012-12-21 08:13:20', 87),
(948, '2012-12-21 08:13:21', 86),
(949, '2012-12-21 08:13:22', 85),
(950, '2012-12-21 08:14:03', 92),
(951, '2012-12-21 08:16:05', 88),
(952, '2012-12-21 11:03:52', 87),
(953, '2012-12-21 11:03:55', 96),
(954, '2012-12-21 11:16:49', 94),
(955, '2012-12-21 11:16:58', 89),
(956, '2012-12-21 11:54:15', 96),
(957, '2012-12-21 11:54:46', 87),
(958, '2012-12-21 11:54:49', 89),
(959, '2012-12-21 11:54:51', 91),
(960, '2012-12-21 11:54:53', 92),
(961, '2012-12-21 11:55:35', 93),
(962, '2012-12-21 11:55:40', 90),
(963, '2012-12-21 11:55:41', 92),
(964, '2012-12-21 14:03:59', 92),
(965, '2012-12-21 14:27:37', 89),
(966, '2012-12-21 15:05:26', 96),
(967, '2012-12-22 22:25:06', 96),
(968, '2012-12-22 22:25:15', 86),
(969, '2012-12-22 22:27:17', 88),
(970, '2012-12-22 22:29:11', 89),
(971, '2012-12-23 13:40:49', 96),
(972, '2012-12-23 13:44:00', 96),
(973, '2012-12-23 14:06:23', 88),
(974, '2012-12-23 14:07:34', 88),
(975, '2012-12-23 14:22:25', 91),
(976, '2012-12-23 14:47:59', 94),
(977, '2012-12-23 14:53:37', 91),
(978, '2012-12-23 18:12:45', 97),
(979, '2012-12-23 18:12:53', 96),
(980, '2012-12-23 18:13:01', 78),
(981, '2012-12-23 18:13:02', 75),
(982, '2012-12-23 18:13:03', 58),
(983, '2012-12-23 18:13:58', 88),
(984, '2012-12-23 18:17:50', 96),
(985, '2012-12-23 18:17:56', 92),
(986, '2012-12-23 23:28:42', 96),
(987, '2012-12-23 23:28:55', 96),
(988, '2012-12-24 00:00:24', 96),
(989, '2012-12-24 00:00:27', 58),
(990, '2012-12-24 00:10:39', 89),
(991, '2012-12-24 00:11:08', 97),
(992, '2012-12-24 13:23:14', 96),
(993, '2012-12-24 14:27:12', 96),
(994, '2012-12-24 14:42:00', 96),
(995, '2012-12-25 20:46:25', 88),
(996, '2012-12-25 20:46:46', 89),
(997, '2012-12-25 20:46:48', 87),
(998, '2012-12-25 20:46:51', 91),
(999, '2012-12-25 20:46:54', 92),
(1000, '2012-12-25 21:03:20', 82),
(1001, '2012-12-25 21:03:32', 87),
(1002, '2012-12-25 21:03:40', 91),
(1003, '2012-12-26 02:03:30', 96),
(1004, '2012-12-26 03:19:21', 87),
(1005, '2012-12-26 03:33:35', 96),
(1006, '2012-12-26 03:43:57', 96),
(1007, '2012-12-26 12:01:24', 97),
(1008, '2012-12-26 12:01:38', 96),
(1009, '2012-12-27 01:01:52', 94),
(1010, '2012-12-27 16:27:13', 85),
(1011, '2012-12-27 16:43:17', 93),
(1012, '2012-12-27 16:43:23', 90),
(1013, '2012-12-27 16:43:25', 91),
(1014, '2012-12-27 16:43:25', 92),
(1015, '2012-12-27 16:43:29', 93),
(1016, '2012-12-27 16:43:30', 92),
(1017, '2012-12-27 16:43:31', 91),
(1018, '2012-12-27 16:43:31', 90),
(1019, '2012-12-27 16:43:32', 89),
(1020, '2012-12-27 16:43:32', 88),
(1021, '2012-12-27 16:43:36', 89),
(1022, '2012-12-27 16:43:36', 90),
(1023, '2012-12-27 16:43:37', 89),
(1024, '2012-12-27 16:43:38', 88),
(1025, '2012-12-27 16:43:39', 87),
(1026, '2012-12-27 16:43:39', 86),
(1027, '2012-12-27 16:43:39', 85),
(1028, '2012-12-27 16:43:40', 84),
(1029, '2012-12-27 16:43:40', 83),
(1030, '2012-12-27 16:43:41', 83),
(1031, '2012-12-27 16:43:41', 82),
(1032, '2012-12-27 16:43:42', 78),
(1033, '2012-12-27 16:43:56', 78),
(1034, '2012-12-27 21:12:11', 92),
(1035, '2012-12-27 21:12:20', 93),
(1036, '2012-12-27 21:12:23', 92),
(1037, '2012-12-27 21:12:24', 96),
(1038, '2012-12-27 21:32:37', 96),
(1039, '2012-12-27 21:40:08', 88),
(1040, '2012-12-27 21:42:27', 85),
(1041, '2012-12-27 21:42:29', 92),
(1042, '2012-12-27 21:43:19', 87),
(1043, '2012-12-27 21:43:32', 86),
(1044, '2012-12-27 21:43:32', 85),
(1045, '2012-12-27 21:43:37', 92),
(1046, '2012-12-27 21:44:43', 76),
(1047, '2012-12-27 21:44:51', 77),
(1048, '2012-12-27 21:44:54', 76),
(1049, '2012-12-27 21:44:58', 87),
(1050, '2012-12-27 21:45:05', 91),
(1051, '2012-12-27 21:45:08', 93),
(1052, '2012-12-27 21:48:18', 96),
(1053, '2012-12-27 21:50:42', 96),
(1054, '2012-12-27 21:52:15', 86),
(1055, '2012-12-27 21:54:35', 97),
(1056, '2012-12-27 22:00:49', 74),
(1057, '2012-12-27 22:05:34', 94),
(1058, '2012-12-27 22:08:57', 96),
(1059, '2012-12-27 22:09:17', 85),
(1060, '2012-12-27 22:09:34', 88),
(1061, '2012-12-27 22:56:02', 96),
(1062, '2012-12-27 23:02:56', 88),
(1063, '2012-12-27 23:03:26', 88),
(1064, '2012-12-27 23:03:34', 88),
(1065, '2012-12-27 23:13:57', 77),
(1066, '2012-12-28 00:33:59', 89),
(1067, '2012-12-28 00:43:43', 86),
(1068, '2012-12-28 00:44:13', 91),
(1069, '2012-12-28 00:44:15', 90),
(1070, '2012-12-28 00:44:16', 89),
(1071, '2012-12-28 00:44:21', 86),
(1072, '2012-12-28 00:44:23', 91),
(1073, '2012-12-28 00:44:26', 89),
(1074, '2012-12-28 03:44:31', 88),
(1075, '2012-12-28 03:47:38', 86),
(1076, '2012-12-28 03:53:23', 96),
(1077, '2012-12-28 03:53:48', 85),
(1078, '2012-12-28 04:00:05', 96),
(1079, '2012-12-28 04:14:35', 83),
(1080, '2012-12-28 04:41:29', 93),
(1081, '2012-12-28 05:06:23', 96),
(1082, '2012-12-28 12:09:07', 87),
(1083, '2012-12-28 12:33:10', 88),
(1084, '2012-12-28 16:23:04', 96),
(1085, '2012-12-29 12:58:17', 96),
(1086, '2012-12-29 12:58:29', 97),
(1087, '2012-12-29 14:39:04', 96),
(1088, '2012-12-29 18:40:10', 96),
(1089, '2012-12-29 18:41:40', 96),
(1090, '2012-12-29 20:55:55', 96),
(1091, '2012-12-29 23:05:02', 92),
(1092, '2012-12-30 01:25:06', 93),
(1093, '2012-12-30 01:25:26', 93),
(1094, '2012-12-30 01:35:07', 86),
(1095, '2012-12-30 01:35:29', 86),
(1096, '2012-12-30 01:48:58', 89),
(1097, '2012-12-30 01:49:05', 96),
(1098, '2012-12-30 01:49:08', 93),
(1099, '2012-12-30 19:19:56', 88),
(1100, '2012-12-30 20:23:31', 96),
(1101, '2012-12-31 00:02:31', 92),
(1102, '2012-12-31 00:21:08', 96),
(1103, '2012-12-31 00:33:36', 96),
(1104, '2012-12-31 00:34:21', 89),
(1105, '2012-12-31 00:34:23', 96),
(1106, '2012-12-31 00:34:26', 92),
(1107, '2012-12-31 00:34:31', 90),
(1108, '2012-12-31 00:34:33', 93),
(1109, '2012-12-31 00:34:35', 94),
(1110, '2012-12-31 00:34:47', 92),
(1111, '2012-12-31 00:35:47', 89),
(1112, '2012-12-31 11:53:27', 96),
(1113, '2012-12-31 12:56:10', 94),
(1114, '2012-12-31 12:56:17', 96),
(1115, '2012-12-31 14:24:17', 96),
(1116, '2012-12-31 14:25:01', 86),
(1117, '2012-12-31 18:02:11', 82),
(1119, '2012-12-31 18:02:20', 97),
(1121, '2012-12-31 18:02:41', 78),
(1122, '2012-12-31 21:00:42', 96),
(1123, '2012-12-31 22:44:29', 96),
(1124, '2012-12-31 22:45:17', 91),
(1125, '2013-01-01 12:59:59', 96),
(1126, '2013-01-01 13:31:43', 96),
(1127, '2013-01-01 13:31:48', 91),
(1128, '2013-01-01 20:14:12', 96),
(1129, '2013-01-02 11:41:14', 96),
(1130, '2013-01-02 20:54:45', 89),
(1131, '2013-01-03 12:08:54', 96),
(1132, '2013-01-04 01:04:00', 96),
(1133, '2013-01-04 01:04:12', 88),
(1134, '2013-01-04 01:04:14', 89),
(1135, '2013-01-04 01:04:15', 88),
(1136, '2013-01-04 01:04:15', 87),
(1137, '2013-01-04 01:06:11', 89),
(1138, '2013-01-04 13:03:40', 89),
(1139, '2013-01-04 13:03:57', 86),
(1140, '2013-01-04 16:17:54', 96),
(1141, '2013-01-04 16:18:05', 96),
(1142, '2013-01-04 17:45:54', 96),
(1143, '2013-01-04 18:10:02', 89),
(1144, '2013-01-04 20:01:55', 88),
(1145, '2013-01-04 20:02:00', 58),
(1146, '2013-01-04 20:05:01', 58),
(1147, '2013-01-04 20:05:39', 58),
(1148, '2013-01-04 20:05:45', 93),
(1149, '2013-01-04 20:05:49', 88),
(1150, '2013-01-04 20:05:58', 58),
(1151, '2013-01-04 20:06:10', 93),
(1152, '2013-01-04 20:06:19', 88),
(1153, '2013-01-04 20:07:46', 93),
(1154, '2013-01-04 20:08:06', 58),
(1155, '2013-01-04 20:08:15', 58),
(1156, '2013-01-04 20:08:37', 88),
(1157, '2013-01-04 20:29:44', 96),
(1158, '2013-01-04 20:50:45', 96),
(1159, '2013-01-04 20:51:10', 96),
(1160, '2013-01-04 20:51:46', 97),
(1161, '2013-01-04 20:56:30', 89),
(1162, '2013-01-04 21:02:48', 92),
(1163, '2013-01-05 01:23:13', 96),
(1164, '2013-01-05 01:23:16', 96),
(1165, '2013-01-05 01:24:39', 96),
(1166, '2013-01-05 01:24:41', 92),
(1167, '2013-01-05 15:39:43', 97),
(1168, '2013-01-05 17:45:32', 89),
(1169, '2013-01-05 18:05:53', 97),
(1170, '2013-01-05 18:45:36', 96),
(1171, '2013-01-05 18:45:47', 88),
(1172, '2013-01-05 18:45:53', 88),
(1173, '2013-01-05 18:47:36', 87),
(1174, '2013-01-05 18:47:38', 91),
(1175, '2013-01-05 18:47:39', 93),
(1176, '2013-01-05 18:47:41', 90),
(1177, '2013-01-05 18:48:31', 96),
(1178, '2013-01-05 18:48:45', 96),
(1179, '2013-01-05 18:48:52', 96),
(1180, '2013-01-05 18:49:06', 96),
(1181, '2013-01-05 21:27:43', 89),
(1182, '2013-01-05 22:44:09', 88),
(1183, '2013-01-05 22:44:17', 92),
(1184, '2013-01-05 22:58:11', 94),
(1185, '2013-01-05 22:59:01', 90),
(1186, '2013-01-05 23:00:04', 91),
(1187, '2013-01-05 23:04:38', 96),
(1188, '2013-01-05 23:04:52', 97),
(1189, '2013-01-05 23:06:24', 92),
(1190, '2013-01-06 00:34:17', 92),
(1191, '2013-01-06 12:45:14', 77),
(1192, '2013-01-06 13:03:04', 85),
(1193, '2013-01-06 13:03:05', 86),
(1194, '2013-01-06 13:03:06', 87),
(1195, '2013-01-06 13:03:09', 88),
(1196, '2013-01-06 13:03:10', 89),
(1197, '2013-01-06 13:03:11', 92),
(1198, '2013-01-06 13:03:15', 93),
(1200, '2013-01-06 13:03:21', 97),
(1201, '2013-01-06 13:03:23', 91),
(1202, '2013-01-06 13:03:25', 92),
(1203, '2013-01-06 18:55:41', 97),
(1204, '2013-01-06 18:56:27', 96),
(1205, '2013-01-06 18:56:29', 92),
(1206, '2013-01-06 18:56:32', 93),
(1207, '2013-01-06 18:56:35', 91),
(1209, '2013-01-06 18:56:46', 97),
(1210, '2013-01-06 18:56:48', 96),
(1211, '2013-01-06 18:56:50', 94),
(1212, '2013-01-06 18:56:51', 93),
(1213, '2013-01-06 18:56:52', 92),
(1214, '2013-01-06 18:56:53', 91),
(1215, '2013-01-06 18:56:54', 90),
(1216, '2013-01-06 18:56:55', 89),
(1217, '2013-01-06 18:56:56', 88),
(1218, '2013-01-06 18:56:56', 87),
(1219, '2013-01-06 18:56:58', 88),
(1220, '2013-01-06 19:19:41', 89),
(1221, '2013-01-06 19:19:43', 92),
(1222, '2013-01-06 19:46:41', 96),
(1223, '2013-01-07 07:57:35', 76),
(1224, '2013-01-07 10:57:28', 89),
(1225, '2013-01-07 12:18:46', 96),
(1226, '2013-01-07 15:25:42', 89),
(1227, '2013-01-07 15:26:13', 89),
(1228, '2013-01-07 15:48:02', 93),
(1229, '2013-01-07 22:30:51', 96),
(1230, '2013-01-07 22:30:53', 94),
(1231, '2013-01-07 22:30:54', 93),
(1232, '2013-01-07 22:30:55', 92),
(1233, '2013-01-07 22:30:55', 91),
(1234, '2013-01-07 22:30:56', 90),
(1235, '2013-01-07 22:30:57', 89),
(1236, '2013-01-07 22:30:58', 88),
(1237, '2013-01-07 22:30:59', 87),
(1238, '2013-01-07 22:31:00', 86),
(1239, '2013-01-07 22:31:01', 85),
(1240, '2013-01-07 22:31:03', 84),
(1241, '2013-01-08 00:05:29', 89),
(1242, '2013-01-08 00:05:39', 89),
(1243, '2013-01-08 00:58:29', 96),
(1244, '2013-01-08 01:08:40', 89),
(1245, '2013-01-08 01:08:49', 89),
(1246, '2013-01-08 01:34:14', 96),
(1247, '2013-01-08 01:34:41', 96),
(1248, '2013-01-08 01:44:26', 87),
(1249, '2013-01-08 18:35:23', 96),
(1250, '2013-01-08 18:36:28', 96),
(1255, '2013-01-08 18:58:43', 97),
(1256, '2013-01-08 19:02:04', 97),
(1257, '2013-01-08 19:03:10', 96),
(1258, '2013-01-08 19:03:20', 96),
(1259, '2013-01-08 19:03:46', 96),
(1260, '2013-01-08 19:04:01', 96),
(1261, '2013-01-08 19:04:29', 92),
(1262, '2013-01-08 19:04:34', 94),
(1263, '2013-01-08 19:04:37', 93),
(1264, '2013-01-08 19:39:15', 93),
(1265, '2013-01-08 19:39:20', 92),
(1266, '2013-01-08 19:39:27', 92),
(1267, '2013-01-08 19:40:33', 92),
(1268, '2013-01-08 19:40:38', 92),
(1269, '2013-01-08 19:40:49', 92),
(1270, '2013-01-08 19:48:53', 92),
(1271, '2013-01-08 19:50:32', 92),
(1272, '2013-01-08 19:55:07', 92),
(1273, '2013-01-08 19:55:14', 92),
(1274, '2013-01-08 19:57:37', 92),
(1275, '2013-01-08 19:57:41', 92),
(1276, '2013-01-08 20:09:23', 92),
(1277, '2013-01-08 20:10:01', 92),
(1278, '2013-01-08 20:10:08', 92),
(1279, '2013-01-08 20:10:14', 92),
(1280, '2013-01-08 20:10:44', 92),
(1281, '2013-01-08 20:10:52', 92),
(1282, '2013-01-08 20:11:08', 92),
(1283, '2013-01-08 20:11:19', 92),
(1284, '2013-01-08 20:11:35', 92),
(1285, '2013-01-08 20:11:45', 92),
(1286, '2013-01-08 20:11:52', 92),
(1287, '2013-01-08 20:17:24', 96),
(1288, '2013-01-08 20:17:37', 96),
(1289, '2013-01-08 20:17:42', 96),
(1290, '2013-01-08 20:17:47', 96),
(1291, '2013-01-08 20:17:57', 96),
(1292, '2013-01-08 20:18:18', 96),
(1293, '2013-01-08 20:18:23', 96),
(1294, '2013-01-08 20:18:59', 97),
(1295, '2013-01-08 20:19:13', 97),
(1296, '2013-01-08 20:19:16', 97),
(1297, '2013-01-08 20:19:20', 97),
(1298, '2013-01-08 20:19:45', 97),
(1299, '2013-01-08 20:19:53', 97),
(1300, '2013-01-08 20:25:41', 97),
(1301, '2013-01-08 20:47:27', 97),
(1302, '2013-01-08 20:49:01', 97),
(1303, '2013-01-08 20:49:06', 97),
(1304, '2013-01-08 20:58:10', 97),
(1305, '2013-01-08 20:58:42', 86),
(1306, '2013-01-08 20:59:23', 86),
(1307, '2013-01-08 20:59:30', 86),
(1308, '2013-01-08 21:00:07', 92),
(1309, '2013-01-08 21:00:13', 92),
(1310, '2013-01-08 21:13:05', 92),
(1311, '2013-01-08 21:13:16', 92),
(1312, '2013-01-08 21:14:21', 92),
(1313, '2013-01-08 21:30:53', 92),
(1314, '2013-01-08 21:31:01', 92),
(1315, '2013-01-08 21:32:01', 92),
(1316, '2013-01-08 21:41:27', 90),
(1317, '2013-01-08 21:41:35', 90),
(1318, '2013-01-08 21:42:13', 90),
(1319, '2013-01-08 21:52:27', 91),
(1320, '2013-01-08 21:52:30', 93),
(1321, '2013-01-08 21:53:22', 96),
(1322, '2013-01-08 21:53:29', 92),
(1323, '2013-01-08 21:53:43', 92),
(1324, '2013-01-08 21:54:44', 93),
(1325, '2013-01-08 21:54:46', 94),
(1326, '2013-01-08 21:54:47', 96),
(1327, '2013-01-08 21:54:48', 97),
(1329, '2013-01-08 21:54:51', 97),
(1330, '2013-01-08 21:54:51', 96),
(1331, '2013-01-08 21:54:52', 94),
(1332, '2013-01-08 21:54:53', 93),
(1333, '2013-01-08 21:54:53', 92),
(1334, '2013-01-08 21:54:54', 91),
(1335, '2013-01-08 21:54:54', 90),
(1336, '2013-01-08 21:54:55', 89),
(1337, '2013-01-08 21:54:55', 88),
(1338, '2013-01-08 21:54:56', 87),
(1339, '2013-01-08 21:54:56', 86),
(1340, '2013-01-08 21:54:57', 85),
(1341, '2013-01-08 21:54:58', 84),
(1342, '2013-01-08 21:54:58', 83),
(1343, '2013-01-08 21:54:59', 82),
(1344, '2013-01-08 21:55:00', 78),
(1345, '2013-01-08 21:55:01', 77),
(1346, '2013-01-08 21:55:01', 76),
(1347, '2013-01-08 21:55:02', 75),
(1348, '2013-01-08 21:55:03', 74),
(1349, '2013-01-08 21:55:04', 58),
(1350, '2013-01-08 21:55:19', 58),
(1351, '2013-01-08 21:55:28', 58),
(1352, '2013-01-08 22:27:02', 96),
(1353, '2013-01-08 22:27:36', 96),
(1354, '2013-01-08 22:28:32', 96),
(1355, '2013-01-08 22:28:41', 96),
(1356, '2013-01-08 22:28:50', 96),
(1357, '2013-01-08 23:14:16', 96),
(1358, '2013-01-08 23:14:22', 96),
(1359, '2013-01-08 23:15:07', 96),
(1360, '2013-01-08 23:24:10', 96),
(1361, '2013-01-08 23:24:14', 96),
(1362, '2013-01-08 23:24:28', 96),
(1363, '2013-01-08 23:30:57', 92),
(1364, '2013-01-09 00:00:16', 96),
(1365, '2013-01-09 00:04:42', 96),
(1366, '2013-01-09 00:04:46', 92),
(1367, '2013-01-09 00:04:55', 92),
(1368, '2013-01-09 01:49:47', 96),
(1369, '2013-01-09 01:49:49', 93),
(1370, '2013-01-09 01:49:59', 82),
(1371, '2013-01-09 01:50:04', 82),
(1372, '2013-01-09 01:50:08', 82),
(1373, '2013-01-09 02:00:10', 74),
(1374, '2013-01-09 02:00:17', 93),
(1375, '2013-01-09 10:04:52', 93),
(1376, '2013-01-09 10:52:05', 96),
(1377, '2013-01-09 11:05:19', 92),
(1378, '2013-01-09 11:05:29', 97),
(1379, '2013-01-09 18:30:35', 96),
(1380, '2013-01-09 18:43:20', 92),
(1381, '2013-01-09 22:47:04', 96),
(1382, '2013-01-09 22:47:17', 96),
(1383, '2013-01-09 22:48:00', 84),
(1384, '2013-01-09 22:48:39', 96),
(1385, '2013-01-09 22:49:07', 96),
(1386, '2013-01-09 22:49:17', 96),
(1387, '2013-01-09 22:50:33', 97),
(1388, '2013-01-09 22:50:48', 96),
(1389, '2013-01-09 22:52:12', 91),
(1390, '2013-01-09 23:49:00', 91),
(1391, '2013-01-09 23:49:03', 91),
(1392, '2013-01-09 23:50:19', 91),
(1393, '2013-01-09 23:50:49', 97),
(1394, '2013-01-09 23:51:29', 96),
(1395, '2013-01-09 23:51:53', 96),
(1396, '2013-01-09 23:51:57', 96),
(1397, '2013-01-10 00:15:07', 89),
(1398, '2013-01-10 00:17:14', 96),
(1399, '2013-01-10 00:27:07', 96),
(1400, '2013-01-10 00:27:09', 91),
(1401, '2013-01-10 00:32:50', 96),
(1402, '2013-01-10 00:37:36', 83),
(1403, '2013-01-10 11:06:49', 89),
(1404, '2013-01-10 11:15:33', 96),
(1405, '2013-01-10 11:15:55', 96),
(1406, '2013-01-10 11:16:46', 96),
(1407, '2013-01-10 11:17:16', 96),
(1408, '2013-01-10 11:20:42', 86),
(1409, '2013-01-10 11:21:49', 93),
(1410, '2013-01-10 11:21:54', 97),
(1412, '2013-01-10 11:22:02', 97),
(1413, '2013-01-10 11:22:03', 96),
(1414, '2013-01-10 11:22:04', 94),
(1415, '2013-01-10 11:22:04', 93),
(1416, '2013-01-10 11:22:05', 92),
(1417, '2013-01-10 11:22:05', 91),
(1418, '2013-01-10 11:22:06', 90),
(1419, '2013-01-10 11:22:07', 89),
(1420, '2013-01-10 11:22:07', 88),
(1421, '2013-01-10 11:22:08', 87),
(1422, '2013-01-10 11:22:08', 86),
(1423, '2013-01-10 11:22:09', 85),
(1424, '2013-01-10 11:22:09', 84),
(1425, '2013-01-10 11:22:10', 83),
(1426, '2013-01-10 11:22:11', 82),
(1427, '2013-01-10 11:22:11', 78),
(1428, '2013-01-10 11:22:12', 77),
(1429, '2013-01-10 11:22:12', 76),
(1430, '2013-01-10 11:22:13', 76),
(1431, '2013-01-10 11:22:13', 75),
(1432, '2013-01-10 11:22:14', 74),
(1433, '2013-01-10 11:22:15', 58),
(1434, '2013-01-10 11:22:18', 96),
(1435, '2013-01-10 11:24:14', 96),
(1436, '2013-01-10 11:29:00', 87),
(1437, '2013-01-10 11:29:37', 88),
(1438, '2013-01-10 11:37:00', 88),
(1439, '2013-01-10 11:37:22', 88),
(1440, '2013-01-10 11:39:23', 88),
(1441, '2013-01-10 11:39:40', 88),
(1442, '2013-01-10 11:49:12', 88),
(1443, '2013-01-10 11:49:25', 88),
(1444, '2013-01-10 11:50:31', 88),
(1445, '2013-01-10 11:51:07', 88),
(1446, '2013-01-10 11:57:35', 88),
(1447, '2013-01-10 11:58:09', 87),
(1448, '2013-01-10 11:58:11', 92),
(1449, '2013-01-10 11:58:14', 96),
(1450, '2013-01-10 13:19:48', 96),
(1451, '2013-01-10 13:22:10', 96),
(1452, '2013-01-10 13:22:27', 96),
(1453, '2013-01-10 13:24:26', 96),
(1454, '2013-01-10 13:24:56', 96),
(1455, '2013-01-10 13:26:00', 96),
(1456, '2013-01-10 13:28:08', 96),
(1457, '2013-01-10 13:29:33', 96),
(1458, '2013-01-10 13:32:22', 96),
(1459, '2013-01-10 13:32:44', 96),
(1460, '2013-01-10 13:33:01', 96),
(1461, '2013-01-10 13:34:14', 96),
(1462, '2013-01-10 13:34:31', 96),
(1463, '2013-01-10 13:37:06', 96),
(1464, '2013-01-10 13:37:11', 96),
(1465, '2013-01-10 13:38:35', 96),
(1466, '2013-01-10 14:31:38', 97),
(1467, '2013-01-10 14:33:43', 96),
(1468, '2013-01-10 14:42:43', 96),
(1469, '2013-01-10 14:48:27', 92),
(1470, '2013-01-10 14:49:31', 92),
(1471, '2013-01-10 14:50:39', 92),
(1472, '2013-01-10 14:53:03', 92),
(1473, '2013-01-10 14:55:32', 92),
(1474, '2013-01-10 14:58:40', 92),
(1475, '2013-01-10 14:59:19', 92),
(1476, '2013-01-10 14:59:53', 92),
(1477, '2013-01-10 15:00:45', 92),
(1478, '2013-01-10 15:02:15', 92),
(1479, '2013-01-10 15:02:49', 92),
(1480, '2013-01-10 15:14:08', 96),
(1481, '2013-01-10 15:14:45', 96),
(1482, '2013-01-10 15:15:51', 96),
(1483, '2013-01-10 15:24:04', 96),
(1484, '2013-01-10 15:24:21', 96),
(1485, '2013-01-10 15:25:12', 96),
(1486, '2013-01-10 15:28:22', 96),
(1487, '2013-01-10 15:29:38', 96),
(1488, '2013-01-10 15:30:02', 96),
(1489, '2013-01-10 15:36:11', 96),
(1490, '2013-01-10 15:46:56', 96),
(1491, '2013-01-10 15:48:33', 96),
(1492, '2013-01-10 15:49:26', 96),
(1493, '2013-01-10 15:54:32', 96),
(1494, '2013-01-10 15:54:59', 96),
(1495, '2013-01-10 15:55:53', 96),
(1496, '2013-01-10 15:57:00', 96),
(1497, '2013-01-10 15:57:26', 96),
(1498, '2013-01-10 16:01:01', 96),
(1499, '2013-01-10 16:03:00', 89),
(1500, '2013-01-10 16:18:30', 96),
(1501, '2013-01-10 16:23:09', 96),
(1502, '2013-01-10 16:33:28', 96),
(1503, '2013-01-10 16:33:51', 96),
(1504, '2013-01-10 21:15:03', 96),
(1505, '2013-01-10 21:21:23', 96),
(1506, '2013-01-10 21:23:52', 96),
(1507, '2013-01-10 21:30:18', 96),
(1508, '2013-01-10 21:31:16', 96),
(1509, '2013-01-11 00:15:41', 96),
(1510, '2013-01-11 00:18:14', 96),
(1511, '2013-01-11 00:19:04', 96),
(1512, '2013-01-11 00:27:58', 96),
(1513, '2013-01-11 00:28:03', 96),
(1514, '2013-01-11 00:33:03', 96),
(1515, '2013-01-11 10:35:10', 89),
(1516, '2013-01-11 11:35:32', 89),
(1517, '2013-01-11 11:53:00', 96),
(1518, '2013-01-11 11:53:06', 96),
(1519, '2013-01-11 11:53:36', 96),
(1520, '2013-01-11 11:55:12', 96),
(1521, '2013-01-11 12:05:49', 96),
(1522, '2013-01-11 12:06:01', 96),
(1523, '2013-01-11 12:06:09', 96),
(1524, '2013-01-11 12:31:51', 96),
(1525, '2013-01-11 14:29:34', 89),
(1526, '2013-01-11 15:07:43', 89),
(1527, '2013-01-11 15:10:44', 96),
(1528, '2013-01-11 15:15:00', 88),
(1529, '2013-01-11 15:15:20', 96),
(1530, '2013-01-11 15:29:49', 96),
(1531, '2013-01-11 15:30:21', 96),
(1532, '2013-01-11 15:32:09', 96),
(1533, '2013-01-11 15:33:10', 96),
(1534, '2013-01-11 15:35:04', 85),
(1535, '2013-01-11 18:02:15', 91),
(1536, '2013-01-11 18:02:24', 91),
(1539, '2013-01-11 19:10:16', 96),
(1540, '2013-01-11 19:50:14', 87),
(1541, '2013-01-11 21:19:11', 88),
(1542, '2013-01-11 21:19:22', 96),
(1543, '2013-01-11 21:20:58', 96),
(1544, '2013-01-11 21:25:07', 78),
(1545, '2013-01-11 21:30:01', 92),
(1546, '2013-01-12 18:28:15', 96),
(1547, '2013-01-12 19:01:08', 89),
(1548, '2013-01-12 23:09:28', 91),
(1549, '2013-01-12 23:13:24', 92),
(1550, '2013-01-12 23:13:34', 97),
(1551, '2013-01-12 23:47:00', 97),
(1552, '2013-01-12 23:53:12', 96),
(1554, '2013-01-13 00:08:07', 88),
(1555, '2013-01-13 17:05:42', 97),
(1556, '2013-01-13 18:44:20', 91),
(1557, '2013-01-14 00:54:03', 88),
(1558, '2013-01-14 11:45:35', 99),
(1559, '2013-01-14 11:46:21', 99),
(1560, '2013-01-14 15:24:41', 106),
(1561, '2013-01-14 15:24:48', 105),
(1562, '2013-01-14 15:24:50', 104),
(1563, '2013-01-14 15:24:51', 102),
(1564, '2013-01-14 15:24:53', 101),
(1565, '2013-01-14 15:24:55', 100),
(1566, '2013-01-14 15:24:58', 106),
(1567, '2013-01-14 15:26:07', 106),
(1568, '2013-01-14 15:26:31', 105),
(1569, '2013-01-14 15:26:34', 104),
(1570, '2013-01-14 15:26:50', 100),
(1571, '2013-01-14 15:26:51', 101),
(1572, '2013-01-14 15:26:56', 104),
(1573, '2013-01-14 15:30:18', 101),
(1574, '2013-01-14 15:30:20', 100),
(1575, '2013-01-14 15:30:21', 99),
(1576, '2013-01-14 15:31:02', 106),
(1577, '2013-01-14 15:37:25', 105),
(1578, '2013-01-14 15:39:04', 87);
INSERT INTO `views` (`id`, `viewed`, `image_id`) VALUES
(1579, '2013-01-14 17:52:12', 104),
(1580, '2013-01-14 17:52:21', 105),
(1581, '2013-01-14 17:52:23', 101),
(1582, '2013-01-14 17:52:28', 102),
(1583, '2013-01-14 17:52:31', 100),
(1584, '2013-01-14 18:34:38', 105),
(1585, '2013-01-14 18:39:33', 105),
(1586, '2013-01-14 18:40:23', 105),
(1587, '2013-01-14 18:40:31', 105),
(1588, '2013-01-14 18:43:18', 105),
(1589, '2013-01-14 18:43:22', 105),
(1590, '2013-01-14 20:20:07', 105),
(1591, '2013-01-14 20:20:14', 106),
(1592, '2013-01-14 23:11:54', 96),
(1593, '2013-01-14 23:12:06', 97),
(1595, '2013-01-14 23:12:10', 97),
(1596, '2013-01-14 23:12:10', 96),
(1597, '2013-01-15 11:08:30', 96),
(1600, '2013-01-15 11:29:38', 96),
(1601, '2013-01-15 11:29:44', 93),
(1602, '2013-01-15 11:29:47', 92),
(1603, '2013-01-15 11:29:50', 91),
(1604, '2013-01-15 11:29:53', 90),
(1606, '2013-01-15 11:30:00', 97),
(1607, '2013-01-15 11:30:04', 96),
(1608, '2013-01-15 11:30:14', 92),
(1610, '2013-01-15 11:30:22', 97),
(1611, '2013-01-15 11:30:25', 96),
(1612, '2013-01-15 11:30:28', 94),
(1613, '2013-01-15 11:30:32', 93),
(1614, '2013-01-15 11:30:35', 92),
(1615, '2013-01-15 11:30:41', 91),
(1616, '2013-01-15 11:30:44', 90),
(1617, '2013-01-15 14:04:22', 106),
(1618, '2013-01-15 16:23:53', 96),
(1619, '2013-01-15 16:27:14', 96),
(1620, '2013-01-15 16:29:30', 105),
(1621, '2013-01-15 16:45:27', 106),
(1622, '2013-01-15 16:49:39', 97),
(1623, '2013-01-15 21:04:13', 94),
(1624, '2013-01-15 22:13:51', 105),
(1625, '2013-01-15 22:18:39', 97),
(1626, '2013-01-15 22:21:58', 84),
(1627, '2013-01-15 23:19:14', 84),
(1629, '2013-01-16 11:24:15', 100),
(1630, '2013-01-16 11:24:26', 101),
(1631, '2013-01-16 11:27:16', 105),
(1632, '2013-01-16 11:29:46', 74),
(1633, '2013-01-16 11:29:50', 58),
(1634, '2013-01-16 13:41:51', 84),
(1635, '2013-01-16 13:47:11', 96),
(1636, '2013-01-16 16:20:51', 85),
(1637, '2013-01-16 16:25:57', 85),
(1638, '2013-01-16 16:30:03', 83),
(1639, '2013-01-16 16:31:09', 58),
(1640, '2013-01-16 16:40:02', 97),
(1641, '2013-01-16 16:40:13', 102),
(1642, '2013-01-16 16:40:14', 105),
(1643, '2013-01-16 16:40:16', 100),
(1644, '2013-01-16 16:40:17', 99),
(1645, '2013-01-16 16:40:18', 101),
(1646, '2013-01-16 16:40:19', 106),
(1647, '2013-01-16 16:40:38', 92),
(1648, '2013-01-16 16:41:20', 92),
(1649, '2013-01-16 16:41:56', 92),
(1650, '2013-01-16 16:42:20', 92),
(1651, '2013-01-16 16:42:22', 90),
(1652, '2013-01-16 16:42:23', 89),
(1653, '2013-01-16 16:43:07', 104),
(1654, '2013-01-16 16:44:22', 104),
(1655, '2013-01-16 17:20:38', 96),
(1656, '2013-01-16 17:20:47', 105),
(1657, '2013-01-16 17:25:25', 105),
(1658, '2013-01-16 17:26:32', 105),
(1659, '2013-01-16 17:26:51', 105),
(1660, '2013-01-16 17:28:26', 105),
(1661, '2013-01-16 17:29:18', 97),
(1662, '2013-01-16 17:29:24', 84),
(1663, '2013-01-16 17:31:49', 97),
(1664, '2013-01-16 17:31:53', 96),
(1665, '2013-01-16 17:31:54', 89),
(1666, '2013-01-16 17:35:28', 106),
(1667, '2013-01-16 17:40:53', 97),
(1668, '2013-01-16 17:41:49', 106),
(1669, '2013-01-16 17:43:38', 97),
(1670, '2013-01-16 18:21:17', 96),
(1671, '2013-01-16 18:21:44', 96),
(1672, '2013-01-16 18:22:03', 96),
(1673, '2013-01-16 18:24:43', 107),
(1674, '2013-01-16 18:25:22', 107),
(1675, '2013-01-16 18:26:18', 107),
(1676, '2013-01-16 18:26:42', 107),
(1677, '2013-01-16 21:26:45', 58),
(1678, '2013-01-16 21:29:09', 75),
(1679, '2013-01-16 21:29:18', 75),
(1680, '2013-01-16 21:29:36', 75),
(1681, '2013-01-16 21:29:47', 75),
(1682, '2013-01-16 22:15:08', 100),
(1683, '2013-01-16 22:46:34', 102),
(1684, '2013-01-16 22:59:08', 96),
(1685, '2013-01-16 22:59:49', 96),
(1686, '2013-01-16 23:00:57', 96),
(1687, '2013-01-16 23:00:59', 107),
(1688, '2013-01-16 23:04:44', 92),
(1689, '2013-01-16 23:07:22', 92),
(1690, '2013-01-16 23:07:30', 92),
(1691, '2013-01-16 23:10:57', 92),
(1692, '2013-01-17 07:33:56', 107),
(1693, '2013-01-17 07:34:20', 86),
(1694, '2013-01-17 07:34:26', 74),
(1695, '2013-01-17 08:08:28', 74),
(1696, '2013-01-17 08:08:51', 74),
(1697, '2013-01-17 08:09:04', 96),
(1698, '2013-01-17 08:09:11', 107),
(1699, '2013-01-17 08:09:15', 106),
(1700, '2013-01-17 08:09:23', 107),
(1701, '2013-01-17 08:11:38', 107),
(1702, '2013-01-17 08:11:46', 97),
(1703, '2013-01-17 08:11:49', 96),
(1704, '2013-01-17 08:11:50', 97),
(1705, '2013-01-17 08:12:03', 97),
(1706, '2013-01-17 08:12:10', 106),
(1707, '2013-01-17 08:12:18', 106),
(1708, '2013-01-17 08:12:26', 106),
(1709, '2013-01-17 08:12:42', 106),
(1710, '2013-01-17 08:13:02', 106),
(1711, '2013-01-17 08:13:06', 105),
(1712, '2013-01-17 08:13:12', 104),
(1713, '2013-01-17 08:13:16', 101),
(1714, '2013-01-17 08:13:20', 106),
(1715, '2013-01-17 08:13:34', 102),
(1716, '2013-01-17 08:13:41', 105),
(1717, '2013-01-17 08:13:48', 105),
(1718, '2013-01-17 08:13:54', 105),
(1719, '2013-01-17 08:15:31', 105),
(1720, '2013-01-17 08:15:49', 106),
(1721, '2013-01-17 08:20:27', 106),
(1722, '2013-01-17 08:20:42', 106),
(1723, '2013-01-17 08:20:55', 106),
(1724, '2013-01-17 08:21:02', 106),
(1725, '2013-01-17 08:21:11', 106),
(1726, '2013-01-17 08:21:17', 106),
(1727, '2013-01-17 08:21:24', 106),
(1728, '2013-01-17 08:24:02', 100),
(1729, '2013-01-17 08:24:12', 106),
(1730, '2013-01-17 08:25:13', 106),
(1731, '2013-01-17 08:25:18', 106),
(1732, '2013-01-17 08:25:21', 101),
(1733, '2013-01-17 08:25:38', 106),
(1734, '2013-01-17 08:33:11', 100),
(1735, '2013-01-17 08:33:13', 101),
(1736, '2013-01-17 08:33:13', 105),
(1737, '2013-01-17 08:33:14', 106),
(1738, '2013-01-17 08:45:32', 106),
(1739, '2013-01-17 08:45:35', 105),
(1740, '2013-01-17 08:45:36', 106),
(1741, '2013-01-17 08:45:46', 106),
(1742, '2013-01-17 08:46:09', 101),
(1743, '2013-01-17 08:46:10', 100),
(1744, '2013-01-17 08:46:11', 105),
(1745, '2013-01-17 08:46:12', 106),
(1746, '2013-01-17 08:50:17', 105),
(1747, '2013-01-17 08:50:20', 106),
(1748, '2013-01-17 08:54:04', 106),
(1749, '2013-01-17 08:54:41', 106),
(1750, '2013-01-17 08:55:34', 106),
(1751, '2013-01-17 08:56:35', 106),
(1752, '2013-01-17 08:58:14', 106),
(1753, '2013-01-17 08:59:17', 106),
(1754, '2013-01-17 09:02:51', 106),
(1755, '2013-01-17 09:07:42', 106),
(1756, '2013-01-17 09:11:28', 106),
(1757, '2013-01-17 09:12:43', 106),
(1758, '2013-01-17 11:49:00', 97),
(1759, '2013-01-17 11:50:15', 96),
(1760, '2013-01-17 12:14:12', 106),
(1761, '2013-01-17 12:15:10', 106),
(1762, '2013-01-17 12:15:19', 106),
(1763, '2013-01-17 12:17:34', 106),
(1764, '2013-01-17 12:17:55', 106),
(1765, '2013-01-17 12:19:22', 106),
(1766, '2013-01-17 12:19:57', 106),
(1767, '2013-01-17 12:21:36', 106),
(1768, '2013-01-17 12:22:27', 106),
(1769, '2013-01-17 12:22:56', 106),
(1770, '2013-01-17 12:27:31', 106),
(1771, '2013-01-17 12:29:29', 106),
(1772, '2013-01-17 15:13:04', 106),
(1773, '2013-01-17 15:14:26', 106),
(1774, '2013-01-17 15:16:37', 106),
(1775, '2013-01-17 15:21:36', 106),
(1776, '2013-01-17 15:21:46', 106),
(1777, '2013-01-17 15:26:04', 105),
(1778, '2013-01-17 15:26:05', 106),
(1779, '2013-01-17 16:00:03', 106),
(1780, '2013-01-17 16:00:28', 106),
(1781, '2013-01-17 16:07:48', 106),
(1782, '2013-01-17 16:13:44', 106),
(1783, '2013-01-17 16:15:03', 106),
(1784, '2013-01-17 16:18:35', 106),
(1785, '2013-01-17 16:22:17', 106),
(1786, '2013-01-17 16:22:28', 106),
(1787, '2013-01-17 16:44:11', 106),
(1788, '2013-01-17 16:45:08', 106),
(1789, '2013-01-17 16:46:50', 106),
(1790, '2013-01-17 16:47:05', 106),
(1791, '2013-01-17 16:47:08', 106),
(1792, '2013-01-17 16:47:22', 106),
(1793, '2013-01-17 16:47:29', 106),
(1794, '2013-01-17 16:47:34', 106),
(1795, '2013-01-17 16:50:34', 97),
(1796, '2013-01-17 16:50:35', 97),
(1797, '2013-01-17 16:50:38', 107),
(1798, '2013-01-17 16:50:39', 97),
(1799, '2013-01-17 16:50:52', 97),
(1800, '2013-01-17 16:54:23', 96),
(1801, '2013-01-17 16:54:52', 97),
(1802, '2013-01-17 16:54:56', 97),
(1803, '2013-01-17 17:07:56', 97),
(1804, '2013-01-17 17:14:10', 106),
(1805, '2013-01-17 17:14:13', 106),
(1806, '2013-01-17 17:15:18', 101),
(1807, '2013-01-17 17:15:20', 100),
(1808, '2013-01-17 17:28:07', 106),
(1809, '2013-01-17 17:28:15', 75),
(1810, '2013-01-17 17:28:18', 75),
(1811, '2013-01-17 17:48:40', 106),
(1812, '2013-01-17 17:48:54', 106),
(1813, '2013-01-17 17:49:00', 106),
(1814, '2013-01-17 17:53:18', 106),
(1815, '2013-01-17 17:53:23', 106),
(1816, '2013-01-17 17:53:28', 106),
(1817, '2013-01-17 17:54:12', 106),
(1818, '2013-01-17 17:54:27', 105),
(1819, '2013-01-17 17:54:29', 106),
(1820, '2013-01-17 17:55:05', 106),
(1821, '2013-01-17 17:59:21', 106),
(1822, '2013-01-17 21:03:10', 107),
(1823, '2013-01-17 21:04:51', 107),
(1824, '2013-01-17 21:04:55', 107),
(1825, '2013-01-17 21:06:51', 107),
(1826, '2013-01-17 21:07:13', 107),
(1827, '2013-01-17 21:07:36', 107),
(1828, '2013-01-17 21:08:33', 107),
(1829, '2013-01-17 21:08:45', 106),
(1830, '2013-01-17 21:19:59', 75),
(1831, '2013-01-17 21:20:45', 75),
(1832, '2013-01-17 21:34:15', 96),
(1833, '2013-01-17 21:34:18', 97),
(1834, '2013-01-17 21:34:20', 107),
(1835, '2013-01-17 21:34:24', 90),
(1836, '2013-01-17 21:34:26', 91),
(1837, '2013-01-17 21:34:27', 97),
(1838, '2013-01-18 11:30:17', 96),
(1839, '2013-01-18 11:30:18', 107),
(1840, '2013-01-18 11:30:29', 107),
(1841, '2013-01-18 13:04:29', 105),
(1842, '2013-01-18 13:04:31', 106),
(1843, '2013-01-18 13:12:34', 106),
(1844, '2013-01-18 13:12:37', 106),
(1845, '2013-01-18 13:13:38', 106),
(1846, '2013-01-18 13:17:11', 106),
(1847, '2013-01-18 13:17:21', 106),
(1848, '2013-01-18 13:18:01', 106),
(1849, '2013-01-18 13:19:32', 96),
(1850, '2013-01-18 13:21:58', 92),
(1851, '2013-01-18 13:22:02', 93),
(1852, '2013-01-18 13:22:06', 94),
(1853, '2013-01-18 13:22:07', 96),
(1854, '2013-01-18 13:22:09', 97),
(1855, '2013-01-18 13:22:14', 96),
(1856, '2013-01-18 14:08:17', 107),
(1857, '2013-01-18 14:08:23', 107),
(1858, '2013-01-18 14:46:33', 108),
(1859, '2013-01-18 19:55:20', 75),
(1860, '2013-01-18 19:55:54', 96),
(1861, '2013-01-18 19:55:59', 84),
(1862, '2013-01-18 20:01:20', 58),
(1863, '2013-01-18 20:01:25', 75),
(1864, '2013-01-18 22:28:05', 107),
(1865, '2013-01-18 23:03:06', 107),
(1866, '2013-01-18 23:03:09', 92),
(1867, '2013-01-19 00:30:51', 97),
(1868, '2013-01-19 00:30:59', 108),
(1869, '2013-01-19 00:31:25', 107),
(1870, '2013-01-19 00:34:26', 108),
(1871, '2013-01-19 00:36:49', 108),
(1872, '2013-01-19 00:36:59', 106),
(1873, '2013-01-19 00:37:04', 101),
(1874, '2013-01-19 00:37:06', 105),
(1875, '2013-01-19 00:42:43', 105),
(1876, '2013-01-19 01:33:51', 96),
(1877, '2013-01-19 01:34:57', 96),
(1878, '2013-01-19 02:05:06', 107),
(1879, '2013-01-19 02:05:11', 108),
(1880, '2013-01-19 02:05:43', 108),
(1881, '2013-01-19 15:29:44', 100),
(1882, '2013-01-19 17:42:16', 108),
(1883, '2013-01-19 17:42:20', 108),
(1884, '2013-01-19 17:52:13', 110),
(1885, '2013-01-19 17:55:16', 96),
(1886, '2013-01-19 17:55:23', 110),
(1887, '2013-01-19 17:55:27', 110),
(1888, '2013-01-19 17:58:27', 105),
(1889, '2013-01-19 18:00:35', 110),
(1890, '2013-01-19 21:51:56', 110),
(1891, '2013-01-19 21:53:37', 107),
(1892, '2013-01-19 21:54:47', 107),
(1893, '2013-01-19 21:55:22', 107),
(1894, '2013-01-19 21:56:14', 108),
(1895, '2013-01-19 21:56:41', 104),
(1896, '2013-01-19 21:57:08', 107),
(1897, '2013-01-19 22:02:26', 105),
(1898, '2013-01-19 22:02:28', 106),
(1899, '2013-01-19 22:02:33', 106),
(1900, '2013-01-19 22:12:39', 105),
(1901, '2013-01-20 05:03:24', 104),
(1902, '2013-01-20 05:03:45', 106),
(1903, '2013-01-20 05:05:20', 106),
(1904, '2013-01-20 05:05:34', 106),
(1905, '2013-01-20 05:22:09', 102),
(1906, '2013-01-20 05:22:18', 102),
(1907, '2013-01-20 05:30:28', 76),
(1908, '2013-01-20 05:30:34', 107),
(1909, '2013-01-20 05:30:36', 96),
(1910, '2013-01-20 05:30:39', 91),
(1911, '2013-01-20 05:30:40', 92),
(1912, '2013-01-20 05:30:42', 110),
(1913, '2013-01-20 05:50:53', 108),
(1914, '2013-01-20 12:06:46', 110),
(1915, '2013-01-20 12:06:58', 93),
(1916, '2013-01-20 12:07:37', 93),
(1917, '2013-01-20 12:07:38', 92),
(1918, '2013-01-20 12:41:04', 110),
(1919, '2013-01-20 12:41:11', 93),
(1920, '2013-01-20 12:41:14', 110),
(1926, '2013-01-20 15:11:50', 110),
(1927, '2013-01-20 15:11:55', 108),
(1928, '2013-01-20 15:12:02', 108),
(1929, '2013-01-20 15:12:12', 94),
(1930, '2013-01-20 15:20:25', 96),
(1931, '2013-01-20 15:22:56', 107),
(1932, '2013-01-20 15:23:17', 101),
(1933, '2013-01-20 15:23:25', 105),
(1934, '2013-01-20 15:23:30', 99),
(1935, '2013-01-20 15:23:35', 100),
(1936, '2013-01-20 15:23:38', 101),
(1937, '2013-01-20 15:23:43', 102),
(1938, '2013-01-20 20:31:06', 115),
(1939, '2013-01-20 20:34:05', 115),
(1940, '2013-01-20 22:41:14', 110),
(1941, '2013-01-20 22:41:19', 110),
(1942, '2013-01-21 01:08:08', 115),
(1943, '2013-01-21 01:08:34', 115),
(1944, '2013-01-21 10:24:23', 115),
(1945, '2013-01-21 10:24:24', 96),
(1946, '2013-01-21 10:24:33', 96),
(1947, '2013-01-21 10:32:48', 110),
(1948, '2013-01-21 10:32:54', 96),
(1949, '2013-01-21 10:32:59', 108),
(1950, '2013-01-21 10:39:03', 104),
(1951, '2013-01-21 10:39:24', 106),
(1952, '2013-01-21 10:39:27', 106),
(1953, '2013-01-21 18:20:45', 110),
(1954, '2013-01-21 22:40:00', 82),
(1955, '2013-01-23 08:03:52', 101),
(1956, '2013-01-23 08:03:58', 101),
(1957, '2013-01-23 08:05:31', 108),
(1958, '2013-01-23 08:05:38', 108),
(1959, '2013-01-23 08:05:46', 76),
(1960, '2013-01-23 08:05:59', 105),
(1961, '2013-01-23 08:06:11', 105),
(1962, '2013-01-23 08:06:17', 105),
(1963, '2013-01-23 08:06:37', 101),
(1964, '2013-01-23 16:28:03', 115),
(1965, '2013-01-23 23:52:30', 77),
(1966, '2013-01-23 23:52:48', 76),
(1967, '2013-01-23 23:53:07', 77),
(1968, '2013-01-23 23:53:10', 77),
(1969, '2013-01-23 23:57:32', 115),
(1970, '2013-01-24 00:56:43', 115),
(1971, '2013-01-24 00:56:52', 75),
(1972, '2013-01-24 01:08:30', 107),
(1973, '2013-01-24 01:08:33', 96),
(1974, '2013-01-24 01:17:36', 110),
(1975, '2013-01-24 02:02:00', 104),
(1976, '2013-01-24 02:02:07', 105),
(1977, '2013-01-24 02:02:09', 106),
(1978, '2013-01-24 02:02:11', 102),
(1979, '2013-01-24 02:02:13', 104),
(1980, '2013-01-24 02:02:14', 105),
(1981, '2013-01-24 02:02:16', 104),
(1982, '2013-01-24 02:02:25', 105),
(1983, '2013-01-24 02:02:27', 106),
(1984, '2013-01-24 02:04:54', 96),
(1985, '2013-01-24 14:48:52', 96),
(1986, '2013-01-24 14:53:41', 94),
(1987, '2013-01-24 15:15:13', 108),
(1988, '2013-01-24 18:00:55', 101),
(1989, '2013-01-24 19:07:43', 105),
(1990, '2013-01-24 21:37:12', 102),
(1991, '2013-01-24 21:39:49', 110),
(1992, '2013-01-24 22:46:17', 110),
(1993, '2013-01-25 00:38:16', 93),
(1994, '2013-01-25 10:22:32', 108),
(1995, '2013-01-25 11:39:01', 104),
(1996, '2013-01-25 11:39:05', 105),
(1997, '2013-01-25 11:39:44', 115),
(1998, '2013-01-25 13:06:55', 110),
(1999, '2013-01-25 21:43:34', 105),
(2000, '2013-01-26 14:46:37', 99),
(2001, '2013-01-26 14:46:51', 99),
(2002, '2013-01-26 14:46:53', 100),
(2003, '2013-01-26 14:47:04', 100),
(2004, '2013-01-26 14:47:32', 96),
(2005, '2013-01-26 15:11:20', 96),
(2006, '2013-01-26 15:11:30', 100),
(2007, '2013-01-26 15:17:28', 110),
(2008, '2013-01-26 15:17:38', 100),
(2009, '2013-01-26 15:17:44', 100),
(2010, '2013-01-26 15:17:52', 100),
(2011, '2013-01-26 15:18:05', 100),
(2012, '2013-01-26 15:18:10', 100),
(2013, '2013-01-26 15:18:16', 100),
(2014, '2013-01-26 16:57:39', 108),
(2015, '2013-01-26 16:57:44', 108),
(2016, '2013-01-27 00:47:12', 110),
(2017, '2013-01-27 00:47:19', 110),
(2018, '2013-01-27 00:51:23', 115),
(2019, '2013-01-27 00:55:02', 87),
(2020, '2013-01-28 19:19:00', 107),
(2021, '2013-01-29 00:55:16', 97),
(2022, '2013-01-29 00:55:21', 97),
(2023, '2013-01-29 14:11:56', 110),
(2024, '2013-01-29 22:38:05', 102),
(2025, '2013-01-30 15:42:55', 105),
(2026, '2013-01-30 20:35:57', 105),
(2027, '2013-01-30 20:36:00', 106),
(2028, '2013-01-30 22:13:14', 104),
(2029, '2013-01-31 00:16:19', 115),
(2030, '2013-01-31 00:32:54', 105),
(2031, '2013-01-31 02:21:42', 101),
(2032, '2013-01-31 02:21:53', 101),
(2033, '2013-01-31 11:22:44', 105),
(2034, '2013-01-31 11:35:40', 104),
(2035, '2013-02-02 14:23:56', 101),
(2036, '2013-02-03 01:59:23', 102),
(2037, '2013-02-03 16:52:49', 102),
(2038, '2013-02-03 16:52:51', 101),
(2039, '2013-02-03 16:53:00', 101),
(2040, '2013-02-03 16:53:05', 91),
(2041, '2013-02-03 16:53:34', 105),
(2042, '2013-02-03 17:02:36', 102),
(2043, '2013-02-03 23:33:58', 105),
(2044, '2013-02-03 23:34:13', 93),
(2045, '2013-02-04 17:22:16', 110),
(2046, '2013-02-04 17:22:19', 110),
(2047, '2013-02-04 17:28:20', 110),
(2048, '2013-02-04 17:30:16', 104),
(2049, '2013-02-05 04:06:10', 110),
(2050, '2013-02-05 04:32:04', 105),
(2051, '2013-02-05 05:50:11', 102),
(2052, '2013-02-05 20:51:57', 58),
(2053, '2013-02-05 21:02:01', 58),
(2054, '2013-02-05 21:33:32', 58),
(2055, '2013-02-05 21:37:34', 58),
(2056, '2013-02-05 21:38:52', 58),
(2057, '2013-02-05 21:39:31', 58),
(2058, '2013-02-05 21:43:03', 58),
(2059, '2013-02-05 21:45:55', 58),
(2060, '2013-02-05 22:40:36', 105),
(2061, '2013-02-06 00:54:21', 115),
(2062, '2013-02-06 01:16:46', 96),
(2063, '2013-02-07 20:49:01', 110),
(2064, '2013-02-07 20:49:10', 110),
(2073, '2013-02-07 21:32:26', 85),
(2074, '2013-02-08 09:54:59', 115),
(2075, '2013-02-08 09:55:08', 115),
(2076, '2013-02-08 15:55:25', 125),
(2077, '2013-02-08 15:55:38', 125),
(2079, '2013-02-08 16:18:24', 125),
(2083, '2013-02-08 16:22:32', 125),
(2085, '2013-02-08 16:22:52', 125),
(2088, '2013-02-08 16:24:20', 125),
(2092, '2013-02-08 16:24:36', 125),
(2095, '2013-02-08 19:30:20', 125),
(2097, '2013-02-08 19:30:25', 125),
(2099, '2013-02-08 19:33:08', 125),
(2100, '2013-02-08 19:33:22', 96),
(2101, '2013-02-08 19:33:26', 96),
(2102, '2013-02-08 19:33:30', 96),
(2103, '2013-02-08 19:33:37', 97),
(2104, '2013-02-08 19:33:41', 97),
(2106, '2013-02-08 20:02:18', 125),
(2112, '2013-02-08 20:57:39', 125),
(2113, '2013-02-08 21:05:25', 125),
(2114, '2013-02-08 21:05:56', 125),
(2115, '2013-02-08 21:08:26', 125),
(2116, '2013-02-08 21:08:31', 125),
(2117, '2013-02-08 21:08:46', 125),
(2118, '2013-02-08 21:11:06', 125),
(2119, '2013-02-08 21:11:10', 96),
(2120, '2013-02-08 21:11:40', 96),
(2121, '2013-02-08 21:12:58', 96),
(2122, '2013-02-08 21:18:03', 96),
(2123, '2013-02-08 21:19:10', 96),
(2124, '2013-02-08 21:21:26', 96),
(2125, '2013-02-08 21:25:29', 96),
(2126, '2013-02-08 21:26:29', 125),
(2127, '2013-02-08 21:27:03', 125),
(2128, '2013-02-08 21:27:48', 130),
(2129, '2013-02-08 21:29:46', 130),
(2130, '2013-02-08 21:30:11', 130),
(2131, '2013-02-08 21:34:31', 130),
(2132, '2013-02-08 21:38:00', 130),
(2133, '2013-02-08 21:38:44', 115),
(2134, '2013-02-08 21:40:37', 115),
(2135, '2013-02-08 21:41:07', 130),
(2136, '2013-02-08 21:41:10', 125),
(2137, '2013-02-08 21:41:15', 115),
(2138, '2013-02-08 21:41:48', 125),
(2139, '2013-02-08 21:42:14', 115),
(2140, '2013-02-08 21:42:26', 110),
(2141, '2013-02-08 21:42:29', 107),
(2142, '2013-02-08 21:42:40', 76),
(2143, '2013-02-08 21:42:46', 82),
(2144, '2013-02-08 21:57:45', 131),
(2145, '2013-02-08 22:04:41', 132),
(2146, '2013-02-08 22:18:08', 133),
(2147, '2013-02-08 22:19:01', 132),
(2148, '2013-02-08 22:19:03', 133),
(2149, '2013-02-08 22:21:58', 133),
(2150, '2013-02-08 22:22:03', 133),
(2151, '2013-02-08 22:22:38', 133),
(2152, '2013-02-08 22:22:42', 132),
(2153, '2013-02-08 22:23:59', 133),
(2154, '2013-02-09 01:26:44', 133),
(2155, '2013-02-09 01:28:35', 133),
(2156, '2013-02-09 01:42:45', 132),
(2157, '2013-02-09 01:42:52', 131),
(2158, '2013-02-09 02:15:52', 133),
(2159, '2013-02-09 02:29:59', 132),
(2160, '2013-02-09 02:40:44', 133),
(2161, '2013-02-09 02:40:48', 131),
(2162, '2013-02-09 02:40:54', 132),
(2163, '2013-02-09 02:50:42', 133),
(2164, '2013-02-09 02:54:45', 133),
(2165, '2013-02-09 02:55:02', 131),
(2166, '2013-02-09 13:02:25', 131),
(2167, '2013-02-09 13:02:38', 133),
(2168, '2013-02-09 13:02:41', 132),
(2169, '2013-02-09 13:34:37', 133),
(2170, '2013-02-09 13:34:38', 132),
(2171, '2013-02-09 13:46:58', 132),
(2172, '2013-02-09 13:47:34', 134),
(2173, '2013-02-09 13:58:34', 132),
(2174, '2013-02-09 13:58:40', 131),
(2175, '2013-02-09 13:59:06', 133),
(2176, '2013-02-09 13:59:07', 130),
(2177, '2013-02-09 13:59:12', 134),
(2178, '2013-02-09 13:59:21', 125),
(2179, '2013-02-09 13:59:23', 115),
(2180, '2013-02-09 13:59:24', 132),
(2181, '2013-02-09 13:59:26', 115),
(2182, '2013-02-09 13:59:27', 133),
(2183, '2013-02-09 13:59:34', 134),
(2184, '2013-02-09 14:09:09', 125),
(2185, '2013-02-09 14:09:11', 130),
(2186, '2013-02-09 14:09:12', 131),
(2187, '2013-02-09 14:09:13', 132),
(2188, '2013-02-09 14:09:15', 133),
(2189, '2013-02-09 14:09:55', 133),
(2190, '2013-02-09 14:19:18', 135),
(2191, '2013-02-09 16:23:44', 135),
(2192, '2013-02-09 16:40:50', 135),
(2193, '2013-02-09 16:47:31', 133),
(2194, '2013-02-09 16:48:07', 132),
(2195, '2013-02-09 16:48:15', 133),
(2196, '2013-02-09 16:48:18', 132),
(2197, '2013-02-09 16:48:23', 135),
(2198, '2013-02-09 16:50:05', 132),
(2199, '2013-02-09 16:50:07', 131),
(2200, '2013-02-09 16:50:19', 131),
(2201, '2013-02-09 16:52:13', 131),
(2202, '2013-02-09 16:52:56', 135),
(2203, '2013-02-09 17:06:40', 136),
(2204, '2013-02-09 17:07:43', 135),
(2205, '2013-02-09 17:07:45', 136),
(2206, '2013-02-09 22:19:45', 135),
(2207, '2013-02-09 22:19:58', 135),
(2208, '2013-02-09 22:20:13', 136),
(2209, '2013-02-09 22:20:16', 135),
(2210, '2013-02-10 01:19:20', 135),
(2211, '2013-02-10 12:48:29', 135),
(2212, '2013-02-10 12:48:35', 135),
(2213, '2013-02-10 21:17:25', 136),
(2214, '2013-02-10 21:22:45', 136),
(2215, '2013-02-10 21:22:46', 135),
(2216, '2013-02-10 21:22:50', 135),
(2217, '2013-02-10 21:22:55', 133),
(2218, '2013-02-10 21:37:36', 136),
(2219, '2013-02-10 22:18:10', 134),
(2220, '2013-02-10 22:18:17', 134),
(2221, '2013-02-10 22:32:02', 96),
(2222, '2013-02-10 22:32:43', 96),
(2223, '2013-02-10 23:07:39', 130),
(2224, '2013-02-10 23:07:44', 133),
(2225, '2013-02-10 23:07:57', 125),
(2226, '2013-02-10 23:10:35', 138),
(2227, '2013-02-10 23:11:45', 138),
(2228, '2013-02-10 23:13:55', 139),
(2229, '2013-02-10 23:14:05', 133),
(2230, '2013-02-10 23:14:07', 137),
(2231, '2013-02-10 23:14:08', 138),
(2232, '2013-02-10 23:14:09', 139),
(2233, '2013-02-10 23:15:45', 137),
(2234, '2013-02-10 23:16:54', 135),
(2235, '2013-02-10 23:16:59', 138),
(2236, '2013-02-10 23:19:48', 133),
(2237, '2013-02-10 23:19:49', 135),
(2238, '2013-02-10 23:19:50', 139),
(2239, '2013-02-10 23:19:51', 138),
(2240, '2013-02-10 23:19:54', 135),
(2241, '2013-02-10 23:19:55', 137),
(2242, '2013-02-10 23:19:56', 136),
(2243, '2013-02-10 23:20:29', 134),
(2244, '2013-02-10 23:20:39', 138),
(2245, '2013-02-10 23:20:54', 138),
(2246, '2013-02-10 23:21:02', 138),
(2247, '2013-02-11 02:41:11', 138),
(2248, '2013-02-11 02:41:16', 139),
(2249, '2013-02-11 02:41:19', 138),
(2250, '2013-02-11 02:41:21', 137),
(2251, '2013-02-11 02:41:29', 132),
(2252, '2013-02-11 02:41:31', 135),
(2253, '2013-02-11 02:41:35', 135),
(2254, '2013-02-11 02:41:56', 136),
(2255, '2013-02-11 11:13:07', 106),
(2256, '2013-02-11 11:13:11', 106),
(2257, '2013-02-11 11:24:42', 132),
(2258, '2013-02-11 13:48:21', 139),
(2259, '2013-02-11 13:48:27', 134),
(2260, '2013-02-11 13:49:38', 134),
(2261, '2013-02-11 13:57:01', 78),
(2262, '2013-02-11 13:57:15', 132),
(2263, '2013-02-11 13:57:21', 132),
(2264, '2013-02-11 16:26:13', 138),
(2265, '2013-02-11 16:26:30', 139),
(2266, '2013-02-11 16:26:32', 138),
(2267, '2013-02-11 16:26:40', 133),
(2268, '2013-02-11 16:26:41', 135),
(2269, '2013-02-11 16:27:36', 137),
(2270, '2013-02-12 01:35:14', 139),
(2271, '2013-02-12 11:34:33', 138),
(2272, '2013-02-12 11:34:40', 139),
(2273, '2013-02-12 11:34:42', 138),
(2274, '2013-02-12 11:34:44', 133),
(2275, '2013-02-12 11:34:46', 135),
(2276, '2013-02-12 11:35:00', 135),
(2277, '2013-02-12 18:27:19', 75),
(2278, '2013-02-12 18:27:57', 136),
(2279, '2013-02-12 18:31:34', 135),
(2280, '2013-02-12 18:34:48', 84),
(2281, '2013-02-12 18:41:20', 133),
(2282, '2013-02-12 18:42:07', 85),
(2283, '2013-02-12 18:42:25', 108),
(2284, '2013-02-12 18:42:29', 108),
(2285, '2013-02-12 18:43:25', 106),
(2286, '2013-02-12 18:46:22', 110),
(2287, '2013-02-12 18:46:26', 92),
(2288, '2013-02-12 18:47:12', 97),
(2289, '2013-02-12 18:48:24', 131),
(2290, '2013-02-12 18:48:39', 108),
(2291, '2013-02-12 18:48:45', 107),
(2292, '2013-02-12 18:48:59', 134),
(2293, '2013-02-12 18:49:34', 74),
(2294, '2013-02-12 18:49:50', 83),
(2295, '2013-02-12 18:50:22', 82),
(2296, '2013-02-12 18:50:36', 87),
(2297, '2013-02-12 18:50:55', 77),
(2298, '2013-02-12 18:51:11', 125),
(2299, '2013-02-12 18:51:33', 132),
(2300, '2013-02-12 18:51:48', 94),
(2301, '2013-02-12 18:52:00', 90),
(2302, '2013-02-12 18:52:17', 110),
(2303, '2013-02-12 18:52:22', 137),
(2304, '2013-02-12 18:52:38', 135),
(2305, '2013-02-12 18:53:01', 96),
(2306, '2013-02-12 18:54:45', 138),
(2307, '2013-02-12 18:54:58', 139),
(2308, '2013-02-12 20:44:52', 78),
(2309, '2013-02-12 20:46:00', 58),
(2310, '2013-02-12 20:46:25', 115),
(2311, '2013-02-12 20:46:50', 130),
(2312, '2013-02-12 20:47:27', 106),
(2313, '2013-02-12 20:47:43', 89),
(2314, '2013-02-12 20:49:10', 76),
(2315, '2013-02-12 20:49:44', 75),
(2316, '2013-02-12 23:16:03', 139),
(2317, '2013-02-12 23:16:15', 138),
(2318, '2013-02-12 23:17:24', 138),
(2319, '2013-02-12 23:17:26', 138),
(2320, '2013-02-12 23:17:29', 138),
(2321, '2013-02-12 23:19:05', 131),
(2322, '2013-02-12 23:24:48', 131),
(2323, '2013-02-12 23:24:53', 131),
(2324, '2013-02-12 23:25:44', 131),
(2325, '2013-02-12 23:26:37', 131),
(2326, '2013-02-12 23:27:36', 131),
(2327, '2013-02-12 23:27:39', 131),
(2328, '2013-02-12 23:28:37', 131),
(2329, '2013-02-12 23:29:02', 131),
(2330, '2013-02-12 23:29:03', 131),
(2331, '2013-02-12 23:29:06', 137),
(2332, '2013-02-12 23:29:21', 107),
(2333, '2013-02-12 23:29:58', 58),
(2334, '2013-02-12 23:30:04', 134),
(2335, '2013-02-12 23:30:09', 125),
(2336, '2013-02-13 00:56:59', 110),
(2337, '2013-02-13 01:01:48', 85),
(2338, '2013-02-13 01:01:58', 85),
(2339, '2013-02-13 01:03:12', 84),
(2340, '2013-02-13 01:03:25', 82),
(2341, '2013-02-13 01:26:31', 137),
(2342, '2013-02-13 01:28:00', 135),
(2343, '2013-02-13 01:28:32', 135),
(2344, '2013-02-13 01:28:57', 138),
(2345, '2013-02-13 01:29:31', 97),
(2346, '2013-02-13 01:29:42', 85),
(2347, '2013-02-13 01:29:56', 74),
(2348, '2013-02-13 01:32:20', 131),
(2349, '2013-02-13 09:19:21', 125),
(2350, '2013-02-13 09:20:30', 106),
(2351, '2013-02-13 09:20:51', 106),
(2352, '2013-02-13 09:26:53', 107),
(2353, '2013-02-13 09:26:56', 107),
(2354, '2013-02-13 09:27:19', 75),
(2355, '2013-02-13 09:29:40', 132),
(2356, '2013-02-13 09:29:53', 105),
(2357, '2013-02-13 09:37:44', 106),
(2358, '2013-02-13 09:41:04', 106),
(2359, '2013-02-13 09:41:18', 134),
(2360, '2013-02-13 09:41:30', 105),
(2361, '2013-02-13 09:41:41', 104),
(2362, '2013-02-13 09:41:54', 102),
(2363, '2013-02-13 09:42:09', 101),
(2364, '2013-02-13 09:42:22', 100),
(2365, '2013-02-13 09:42:35', 99),
(2366, '2013-02-13 09:43:05', 93),
(2367, '2013-02-13 09:44:24', 99),
(2368, '2013-02-13 09:45:02', 135),
(2369, '2013-02-13 09:45:05', 135),
(2370, '2013-02-13 09:45:22', 102),
(2371, '2013-02-13 09:46:51', 130),
(2372, '2013-02-13 09:47:00', 134),
(2373, '2013-02-13 09:47:19', 134),
(2374, '2013-02-13 09:47:37', 105),
(2375, '2013-02-13 09:49:46', 76),
(2376, '2013-02-13 09:50:57', 132),
(2377, '2013-02-13 09:51:41', 86),
(2378, '2013-02-13 09:57:54', 85),
(2379, '2013-02-13 09:58:07', 133),
(2380, '2013-02-13 09:59:38', 106),
(2381, '2013-02-13 09:59:41', 106),
(2382, '2013-02-13 10:05:25', 104),
(2383, '2013-02-13 10:05:38', 107),
(2384, '2013-02-13 13:49:25', 107),
(2385, '2013-02-13 13:49:28', 107),
(2386, '2013-02-13 13:49:49', 88),
(2387, '2013-02-13 13:49:56', 87),
(2388, '2013-02-13 14:35:31', 108),
(2389, '2013-02-13 14:35:41', 99),
(2390, '2013-02-13 14:35:50', 97),
(2391, '2013-02-13 14:36:02', 92),
(2392, '2013-02-13 14:36:19', 86),
(2393, '2013-02-13 14:36:50', 138),
(2394, '2013-02-13 14:39:54', 139),
(2395, '2013-02-13 15:53:55', 105),
(2396, '2013-02-13 16:15:18', 139),
(2397, '2013-02-13 16:29:28', 135),
(2398, '2013-02-13 16:29:33', 135),
(2399, '2013-02-13 16:29:49', 135),
(2400, '2013-02-13 16:33:14', 58),
(2401, '2013-02-13 16:53:02', 139),
(2402, '2013-02-13 17:39:13', 139),
(2403, '2013-02-13 17:40:21', 139),
(2404, '2013-02-13 17:41:46', 135),
(2405, '2013-02-13 17:41:49', 135),
(2406, '2013-02-13 17:41:54', 139),
(2407, '2013-02-13 17:41:56', 135),
(2408, '2013-02-13 17:41:58', 135),
(2409, '2013-02-13 17:42:31', 135),
(2410, '2013-02-13 17:42:35', 135),
(2411, '2013-02-13 17:42:40', 135),
(2412, '2013-02-13 17:42:42', 135),
(2413, '2013-02-13 17:42:52', 135),
(2414, '2013-02-13 17:44:54', 135),
(2415, '2013-02-13 17:44:57', 135),
(2416, '2013-02-13 17:45:02', 135),
(2417, '2013-02-13 17:45:12', 135),
(2418, '2013-02-13 17:45:15', 135),
(2419, '2013-02-13 17:45:42', 139),
(2420, '2013-02-13 17:45:47', 135),
(2421, '2013-02-13 17:45:50', 135),
(2422, '2013-02-13 17:46:51', 135),
(2423, '2013-02-13 17:46:54', 135),
(2424, '2013-02-13 17:47:23', 135),
(2425, '2013-02-13 17:47:35', 135),
(2426, '2013-02-13 17:47:37', 135),
(2427, '2013-02-13 17:47:41', 135),
(2428, '2013-02-13 17:47:44', 135),
(2429, '2013-02-13 17:47:46', 135),
(2430, '2013-02-13 17:48:33', 135),
(2431, '2013-02-13 17:48:36', 135),
(2432, '2013-02-13 17:50:13', 135),
(2433, '2013-02-13 17:50:16', 135),
(2434, '2013-02-13 17:50:36', 135),
(2435, '2013-02-13 17:50:42', 134),
(2436, '2013-02-13 17:50:46', 138),
(2437, '2013-02-13 17:50:49', 139),
(2438, '2013-02-13 17:51:50', 125),
(2439, '2013-02-13 17:53:01', 135),
(2440, '2013-02-13 17:53:04', 135),
(2441, '2013-02-13 17:54:53', 135),
(2442, '2013-02-13 17:54:56', 135),
(2443, '2013-02-13 17:55:03', 135),
(2444, '2013-02-13 17:55:04', 139),
(2445, '2013-02-13 17:57:40', 135),
(2446, '2013-02-13 17:57:43', 135),
(2447, '2013-02-13 18:01:09', 135),
(2448, '2013-02-13 18:01:35', 135),
(2449, '2013-02-13 18:01:46', 135),
(2450, '2013-02-13 18:11:00', 139),
(2451, '2013-02-13 18:11:03', 139),
(2452, '2013-02-13 18:11:48', 135),
(2453, '2013-02-13 18:11:51', 135),
(2454, '2013-02-13 18:26:18', 139),
(2455, '2013-02-13 18:26:25', 139),
(2456, '2013-02-13 21:46:10', 139),
(2457, '2013-02-13 21:46:26', 139),
(2458, '2013-02-15 20:51:34', 138),
(2459, '2013-02-17 16:10:24', 139),
(2460, '2013-02-17 16:10:30', 139),
(2461, '2013-02-17 20:33:30', 139),
(2462, '2013-02-17 20:39:01', 139),
(2463, '2013-02-17 21:44:33', 132),
(2464, '2013-02-17 21:50:15', 132),
(2465, '2013-02-17 21:52:18', 138),
(2466, '2013-02-17 21:55:12', 107),
(2467, '2013-02-17 21:56:33', 105),
(2468, '2013-02-17 21:56:40', 110),
(2469, '2013-02-17 21:57:19', 130),
(2470, '2013-02-17 21:57:33', 134),
(2471, '2013-02-17 21:59:25', 90),
(2472, '2013-02-17 21:59:46', 83),
(2473, '2013-02-17 22:10:10', 138),
(2474, '2013-02-17 22:10:27', 74),
(2475, '2013-02-17 22:10:38', 76),
(2476, '2013-02-17 22:11:24', 58),
(2477, '2013-02-17 22:27:29', 78),
(2478, '2013-02-17 22:32:45', 137),
(2479, '2013-02-17 22:33:05', 115),
(2480, '2013-02-17 22:35:07', 130),
(2481, '2013-02-17 22:41:49', 137),
(2482, '2013-02-17 22:41:52', 133),
(2483, '2013-02-17 22:42:01', 84),
(2484, '2013-02-17 22:55:05', 132),
(2485, '2013-02-17 23:02:48', 85),
(2486, '2013-02-17 23:30:01', 139),
(2487, '2013-02-17 23:30:13', 58),
(2488, '2013-02-17 23:31:32', 58),
(2489, '2013-02-18 02:14:23', 138),
(2490, '2013-02-18 02:14:31', 125),
(2491, '2013-02-18 02:14:40', 125),
(2492, '2013-02-18 02:15:22', 139),
(2493, '2013-02-18 02:15:26', 107),
(2494, '2013-02-18 02:15:47', 110),
(2495, '2013-02-18 02:16:03', 92),
(2496, '2013-02-18 02:28:11', 125),
(2497, '2013-02-18 02:28:43', 138),
(2498, '2013-02-18 18:28:27', 138),
(2499, '2013-02-18 20:57:36', 138),
(2500, '2013-02-18 21:50:35', 138),
(2501, '2013-02-18 21:52:19', 138),
(2502, '2013-02-18 21:52:53', 138),
(2503, '2013-02-18 23:59:38', 138),
(2504, '2013-02-18 23:59:47', 138),
(2505, '2013-02-18 23:59:49', 135),
(2506, '2013-02-19 00:27:23', 135),
(2507, '2013-02-19 00:32:27', 138),
(2508, '2013-02-19 00:33:24', 138),
(2509, '2013-02-19 00:39:20', 138),
(2510, '2013-02-19 00:55:11', 133),
(2511, '2013-02-19 01:09:33', 130),
(2512, '2013-02-19 01:14:48', 138),
(2513, '2013-02-19 01:15:50', 137),
(2514, '2013-02-19 01:16:31', 131),
(2515, '2013-02-19 01:22:43', 137),
(2516, '2013-02-19 01:26:00', 130),
(2517, '2013-02-19 01:27:29', 137),
(2518, '2013-02-19 15:03:06', 130),
(2519, '2013-02-19 15:03:18', 130),
(2520, '2013-02-19 15:07:03', 135),
(2521, '2013-02-19 15:07:35', 131),
(2522, '2013-02-19 15:08:49', 131),
(2523, '2013-02-19 15:09:16', 132),
(2524, '2013-02-19 19:59:22', 136),
(2525, '2013-02-20 21:57:46', 125),
(2526, '2013-02-20 21:57:55', 125),
(2527, '2013-02-21 00:27:47', 139),
(2528, '2013-02-21 00:27:54', 139),
(2529, '2013-02-21 00:31:56', 136),
(2530, '2013-02-21 00:39:41', 86),
(2531, '2013-02-21 00:47:18', 125),
(2532, '2013-02-21 01:10:56', 138),
(2533, '2013-02-21 01:11:29', 131),
(2534, '2013-02-21 13:10:39', 106),
(2535, '2013-02-21 13:10:43', 106),
(2536, '2013-02-21 13:11:01', 135),
(2537, '2013-02-21 13:11:18', 134),
(2538, '2013-02-21 15:04:59', 125),
(2539, '2013-02-21 15:05:14', 84),
(2540, '2013-02-21 15:31:33', 137),
(2541, '2013-02-21 15:32:56', 132),
(2542, '2013-02-21 15:54:00', 136),
(2543, '2013-02-21 16:52:29', 138),
(2544, '2013-02-21 16:52:33', 138),
(2545, '2013-02-21 16:52:38', 138),
(2546, '2013-02-21 16:52:43', 138),
(2547, '2013-02-21 16:52:47', 138),
(2548, '2013-02-21 16:52:51', 138),
(2549, '2013-02-21 16:52:55', 138),
(2550, '2013-02-21 18:00:33', 137),
(2551, '2013-02-21 18:00:44', 107),
(2552, '2013-02-21 18:00:48', 106),
(2553, '2013-02-21 18:08:58', 100),
(2554, '2013-02-21 18:19:01', 89),
(2555, '2013-02-21 18:19:06', 141),
(2556, '2013-02-21 18:19:42', 142),
(2557, '2013-02-21 18:20:14', 142),
(2558, '2013-02-21 18:21:18', 132),
(2559, '2013-02-21 18:21:23', 142),
(2560, '2013-02-21 18:21:31', 141),
(2561, '2013-02-21 18:34:49', 135),
(2562, '2013-02-21 18:34:57', 135),
(2563, '2013-02-21 18:51:11', 142),
(2564, '2013-02-21 19:02:37', 139),
(2565, '2013-02-21 19:03:06', 133),
(2566, '2013-02-21 19:03:17', 133),
(2567, '2013-02-21 19:03:39', 133),
(2568, '2013-02-21 19:03:43', 133),
(2569, '2013-02-21 19:04:03', 96),
(2570, '2013-02-21 19:04:13', 96),
(2571, '2013-02-21 19:04:22', 141),
(2572, '2013-02-21 19:04:27', 138),
(2573, '2013-02-21 19:04:36', 138),
(2574, '2013-02-21 20:27:08', 141),
(2575, '2013-02-21 20:28:38', 141),
(2576, '2013-02-21 20:28:47', 142),
(2577, '2013-02-21 20:29:04', 141),
(2578, '2013-02-21 20:31:36', 88),
(2579, '2013-02-21 20:32:38', 58),
(2580, '2013-02-21 20:33:15', 74),
(2581, '2013-02-21 20:33:29', 75),
(2582, '2013-02-22 00:46:05', 139),
(2583, '2013-02-22 00:48:36', 132),
(2584, '2013-02-22 00:59:05', 141),
(2585, '2013-02-22 01:19:28', 139),
(2586, '2013-02-22 01:43:12', 142),
(2587, '2013-02-22 01:43:50', 142),
(2588, '2013-02-22 01:44:26', 106),
(2589, '2013-02-22 01:44:30', 106),
(2590, '2013-02-22 01:45:59', 141),
(2591, '2013-02-22 01:48:03', 58),
(2592, '2013-02-22 17:11:12', 139),
(2593, '2013-02-22 17:18:09', 141),
(2594, '2013-02-22 17:23:34', 141),
(2595, '2013-02-22 17:26:37', 141),
(2596, '2013-02-22 17:48:10', 142),
(2597, '2013-02-22 17:49:08', 142),
(2598, '2013-02-22 17:56:47', 83),
(2599, '2013-02-22 17:57:25', 133),
(2600, '2013-02-22 17:57:50', 134),
(2601, '2013-02-22 17:57:59', 135),
(2602, '2013-02-22 17:58:03', 135),
(2603, '2013-02-22 21:15:01', 133),
(2604, '2013-02-22 21:40:57', 139),
(2605, '2013-02-22 21:41:09', 139),
(2606, '2013-02-22 21:41:24', 108),
(2607, '2013-02-22 21:41:39', 108),
(2608, '2013-02-22 21:51:51', 138),
(2609, '2013-02-23 00:27:52', 139),
(2610, '2013-02-23 19:59:19', 139),
(2611, '2013-02-23 19:59:29', 139),
(2612, '2013-02-24 01:03:01', 82),
(2613, '2013-02-24 01:05:43', 82),
(2614, '2013-02-24 01:05:45', 82),
(2615, '2013-02-24 01:09:05', 82),
(2616, '2013-02-24 01:10:50', 82),
(2617, '2013-02-24 01:11:50', 141),
(2618, '2013-02-24 01:12:01', 142),
(2619, '2013-02-24 01:40:28', 139),
(2620, '2013-02-24 01:40:31', 138),
(2621, '2013-02-24 01:54:59', 139),
(2622, '2013-02-24 02:06:09', 137),
(2623, '2013-02-24 02:06:18', 136),
(2624, '2013-02-24 02:06:20', 133),
(2625, '2013-02-24 02:06:21', 134),
(2626, '2013-02-24 02:06:23', 135),
(2627, '2013-02-24 02:06:43', 135),
(2628, '2013-02-24 21:04:00', 142),
(2629, '2013-02-24 21:04:23', 141),
(2630, '2013-02-24 22:13:17', 142),
(2631, '2013-02-24 22:19:31', 108),
(2632, '2013-02-24 22:19:35', 108),
(2633, '2013-02-24 22:19:58', 139),
(2634, '2013-02-25 01:54:26', 142),
(2635, '2013-02-25 08:46:07', 139),
(2636, '2013-02-25 09:15:57', 132),
(2637, '2013-02-25 09:20:55', 132),
(2638, '2013-02-25 09:22:12', 115),
(2639, '2013-02-25 09:22:29', 133),
(2640, '2013-02-25 10:44:42', 139),
(2641, '2013-02-25 10:50:21', 139),
(2642, '2013-02-25 10:51:29', 108),
(2643, '2013-02-25 15:22:34', 133),
(2644, '2013-02-25 15:22:37', 138),
(2645, '2013-02-25 15:22:39', 132),
(2646, '2013-02-25 15:26:44', 141),
(2647, '2013-02-26 01:05:52', 142),
(2648, '2013-02-26 01:56:18', 142),
(2649, '2013-02-26 01:56:40', 142),
(2650, '2013-02-26 02:09:51', 139),
(2651, '2013-02-26 02:13:35', 75),
(2652, '2013-02-26 02:14:21', 75),
(2653, '2013-02-26 02:14:28', 75),
(2654, '2013-02-26 12:13:25', 142),
(2655, '2013-02-26 13:30:41', 97),
(2656, '2013-02-26 13:30:44', 97),
(2657, '2013-02-26 13:30:54', 85),
(2658, '2013-02-26 14:30:34', 142),
(2659, '2013-02-26 15:22:56', 141),
(2660, '2013-02-26 15:23:14', 101),
(2661, '2013-02-26 15:23:39', 141),
(2662, '2013-02-26 15:23:57', 141),
(2663, '2013-02-26 15:24:21', 133),
(2664, '2013-02-26 15:24:55', 133),
(2665, '2013-02-26 15:25:00', 133),
(2666, '2013-02-26 15:27:27', 132),
(2667, '2013-02-26 15:37:15', 133),
(2668, '2013-02-26 15:37:19', 134),
(2669, '2013-02-26 16:06:48', 105),
(2670, '2013-02-26 16:14:07', 142),
(2671, '2013-02-26 16:15:04', 142),
(2672, '2013-02-26 16:15:20', 132),
(2673, '2013-02-26 16:15:33', 96),
(2674, '2013-02-26 16:22:54', 92),
(2675, '2013-02-26 16:39:14', 86),
(2676, '2013-02-26 16:39:55', 92),
(2677, '2013-02-26 16:40:06', 139),
(2678, '2013-02-26 16:40:12', 138),
(2679, '2013-02-26 17:07:49', 75),
(2680, '2013-02-26 17:12:46', 141),
(2681, '2013-02-26 17:17:11', 133),
(2682, '2013-02-26 17:17:26', 139),
(2683, '2013-02-26 17:19:29', 141),
(2684, '2013-02-26 17:20:22', 101),
(2685, '2013-02-26 17:20:28', 101),
(2686, '2013-02-26 17:28:34', 101),
(2687, '2013-02-26 17:29:05', 101),
(2688, '2013-02-26 17:29:14', 101),
(2689, '2013-02-26 17:32:11', 101),
(2690, '2013-02-26 17:32:13', 101),
(2691, '2013-02-26 18:18:03', 89),
(2692, '2013-02-26 18:18:23', 75),
(2693, '2013-02-26 19:54:07', 107),
(2694, '2013-02-26 20:07:11', 134),
(2695, '2013-02-26 20:13:43', 133),
(2696, '2013-02-26 20:19:09', 139),
(2697, '2013-02-26 20:19:30', 139),
(2698, '2013-02-26 21:17:46', 142),
(2699, '2013-02-26 21:19:02', 142),
(2700, '2013-02-26 21:19:34', 142),
(2701, '2013-02-26 21:20:17', 142),
(2702, '2013-02-26 21:20:56', 142),
(2703, '2013-02-26 21:23:57', 96),
(2704, '2013-02-26 21:24:10', 142),
(2705, '2013-02-26 21:24:13', 77),
(2706, '2013-02-26 21:24:18', 76),
(2707, '2013-02-26 21:24:35', 135),
(2708, '2013-02-26 21:24:45', 135),
(2709, '2013-02-26 21:25:23', 142),
(2710, '2013-02-26 21:25:36', 142),
(2711, '2013-02-26 21:26:24', 142),
(2712, '2013-02-26 21:26:26', 139),
(2713, '2013-02-26 21:30:36', 142),
(2714, '2013-02-26 22:45:10', 141),
(2715, '2013-02-26 22:47:08', 136),
(2716, '2013-02-26 22:47:18', 96),
(2717, '2013-02-26 22:48:20', 96),
(2718, '2013-02-26 22:56:08', 96),
(2719, '2013-02-26 22:56:39', 139),
(2720, '2013-02-26 22:57:33', 139),
(2721, '2013-02-26 23:04:08', 139),
(2722, '2013-02-26 23:06:20', 139),
(2723, '2013-02-26 23:07:49', 139),
(2724, '2013-02-26 23:07:55', 139),
(2725, '2013-02-26 23:08:37', 135),
(2726, '2013-02-26 23:08:38', 139),
(2727, '2013-02-26 23:08:40', 138),
(2728, '2013-02-26 23:08:41', 139),
(2729, '2013-02-26 23:09:50', 139),
(2730, '2013-02-26 23:17:31', 139),
(2731, '2013-02-26 23:18:41', 139),
(2732, '2013-02-26 23:19:03', 96),
(2733, '2013-02-26 23:19:27', 96),
(2734, '2013-02-26 23:22:02', 96),
(2735, '2013-02-26 23:22:18', 96),
(2736, '2013-02-26 23:22:34', 96),
(2737, '2013-02-26 23:22:47', 96),
(2738, '2013-02-26 23:23:26', 96),
(2739, '2013-02-26 23:24:32', 96),
(2740, '2013-02-26 23:24:38', 96),
(2741, '2013-02-26 23:26:32', 96),
(2742, '2013-02-26 23:31:29', 96),
(2743, '2013-02-26 23:31:35', 96),
(2744, '2013-02-26 23:31:46', 96),
(2745, '2013-02-27 00:00:10', 96),
(2746, '2013-02-27 00:00:18', 96),
(2747, '2013-02-27 00:13:06', 96),
(2748, '2013-02-27 00:37:07', 96),
(2749, '2013-02-27 11:43:48', 134),
(2750, '2013-02-27 11:44:11', 96),
(2751, '2013-02-27 12:35:13', 132),
(2752, '2013-02-27 12:37:28', 142),
(2753, '2013-02-27 13:06:19', 135),
(2754, '2013-02-27 13:06:30', 135),
(2755, '2013-02-27 13:06:58', 135),
(2756, '2013-02-27 13:09:08', 135),
(2757, '2013-02-27 13:09:12', 135),
(2758, '2013-02-27 16:23:54', 138),
(2759, '2013-02-27 16:28:59', 142),
(2760, '2013-02-27 16:41:58', 142),
(2761, '2013-02-27 16:47:32', 133),
(2762, '2013-02-27 20:52:32', 133),
(2763, '2013-02-27 20:53:08', 133),
(2764, '2013-02-27 20:53:15', 96),
(2765, '2013-02-27 21:08:05', 135),
(2766, '2013-02-27 21:17:15', 135),
(2767, '2013-02-27 21:49:29', 141),
(2768, '2013-02-27 21:50:06', 141),
(2769, '2013-02-27 22:09:04', 141),
(2770, '2013-02-27 22:13:14', 139),
(2771, '2013-02-27 22:13:59', 110),
(2772, '2013-02-27 22:14:03', 125),
(2773, '2013-02-27 22:14:12', 58),
(2774, '2013-02-27 22:14:15', 75),
(2775, '2013-02-27 22:14:44', 75),
(2776, '2013-02-27 22:14:48', 75),
(2777, '2013-02-28 01:50:22', 141),
(2778, '2013-02-28 01:50:27', 106),
(2779, '2013-02-28 01:50:30', 106),
(2780, '2013-02-28 11:44:59', 134),
(2781, '2013-02-28 12:19:04', 136),
(2782, '2013-02-28 12:19:07', 137),
(2783, '2013-02-28 18:43:08', 135),
(2784, '2013-02-28 18:43:11', 135),
(2785, '2013-03-01 12:01:33', 136),
(2786, '2013-03-01 13:45:01', 125),
(2787, '2013-03-01 15:19:17', 115),
(2788, '2013-03-01 15:37:21', 83),
(2789, '2013-03-01 15:37:31', 83),
(2790, '2013-03-01 15:38:02', 83),
(2791, '2013-03-01 15:38:09', 83),
(2792, '2013-03-01 15:38:51', 133),
(2793, '2013-03-01 15:38:53', 132),
(2794, '2013-03-01 15:38:57', 131),
(2795, '2013-03-01 15:39:00', 130),
(2796, '2013-03-01 15:39:04', 96),
(2797, '2013-03-01 17:50:51', 141),
(2798, '2013-03-01 17:51:25', 105),
(2799, '2013-03-01 17:51:35', 125),
(2800, '2013-03-01 17:52:19', 138),
(2801, '2013-03-01 19:00:10', 96),
(2802, '2013-03-01 19:04:32', 96),
(2803, '2013-03-01 19:04:51', 142),
(2804, '2013-03-01 19:05:23', 142),
(2805, '2013-03-01 19:05:24', 142),
(2806, '2013-03-01 19:09:25', 142),
(2807, '2013-03-01 19:10:23', 142),
(2808, '2013-03-01 19:12:10', 142),
(2809, '2013-03-01 19:12:13', 142),
(2810, '2013-03-01 19:45:20', 142),
(2811, '2013-03-01 19:45:23', 142),
(2812, '2013-03-01 21:38:31', 141),
(2813, '2013-03-01 21:39:41', 142),
(2814, '2013-03-01 22:33:30', 141),
(2815, '2013-03-01 22:34:33', 141),
(2816, '2013-03-01 22:34:36', 141),
(2817, '2013-03-01 23:01:38', 142),
(2818, '2013-03-01 23:03:15', 102),
(2819, '2013-03-01 23:11:10', 141),
(2820, '2013-03-01 23:13:10', 136),
(2821, '2013-03-01 23:27:25', 137),
(2822, '2013-03-01 23:27:28', 141),
(2823, '2013-03-01 23:29:37', 141),
(2824, '2013-03-01 23:29:48', 141),
(2825, '2013-03-02 13:47:46', 134),
(2826, '2013-03-02 15:09:55', 133),
(2827, '2013-03-02 15:09:57', 138),
(2828, '2013-03-02 15:09:59', 134),
(2829, '2013-03-02 15:10:04', 132),
(2830, '2013-03-02 15:10:08', 134),
(2831, '2013-03-02 19:40:42', 141),
(2832, '2013-03-02 19:40:54', 96),
(2833, '2013-03-02 19:41:01', 96),
(2834, '2013-03-02 19:51:46', 133),
(2835, '2013-03-02 19:52:36', 133),
(2836, '2013-03-02 19:52:46', 133),
(2837, '2013-03-02 20:28:22', 96),
(2838, '2013-03-02 20:30:47', 133),
(2839, '2013-03-02 20:31:59', 133),
(2840, '2013-03-02 20:32:50', 133),
(2841, '2013-03-02 20:34:35', 135),
(2842, '2013-03-03 01:54:50', 138),
(2843, '2013-03-03 01:55:43', 135),
(2844, '2013-03-03 01:55:47', 135),
(2845, '2013-03-03 01:56:23', 125),
(2846, '2013-03-03 12:05:54', 135),
(2847, '2013-03-03 12:06:05', 132),
(2848, '2013-03-03 12:34:09', 138),
(2849, '2013-03-03 18:08:20', 136),
(2850, '2013-03-03 21:55:34', 134),
(2851, '2013-03-03 21:55:44', 134),
(2852, '2013-03-03 22:25:02', 96),
(2853, '2013-03-03 22:31:09', 96),
(2854, '2013-03-03 22:36:06', 139),
(2855, '2013-03-03 22:36:09', 132),
(2856, '2013-03-04 02:48:32', 139),
(2857, '2013-03-04 08:44:34', 133),
(2858, '2013-03-04 08:44:47', 133),
(2859, '2013-03-04 08:47:48', 133),
(2860, '2013-03-04 08:47:57', 133),
(2861, '2013-03-04 08:48:58', 133),
(2862, '2013-03-04 08:49:04', 133),
(2863, '2013-03-04 08:49:16', 133),
(2864, '2013-03-04 08:49:20', 133),
(2865, '2013-03-04 08:49:26', 133),
(2866, '2013-03-04 08:49:32', 133),
(2867, '2013-03-04 08:49:39', 133),
(2868, '2013-03-04 13:33:14', 96),
(2869, '2013-03-04 13:38:28', 97),
(2870, '2013-03-04 13:38:31', 107),
(2871, '2013-03-04 13:38:33', 110),
(2872, '2013-03-04 13:38:35', 115),
(2873, '2013-03-04 13:38:36', 125),
(2874, '2013-03-04 13:38:39', 130),
(2875, '2013-03-04 13:38:49', 131),
(2876, '2013-03-04 13:38:51', 132),
(2877, '2013-03-04 13:38:55', 133),
(2878, '2013-03-04 13:39:01', 134),
(2879, '2013-03-04 13:39:03', 135),
(2880, '2013-03-04 13:39:05', 136),
(2881, '2013-03-04 13:39:08', 137),
(2882, '2013-03-04 13:39:11', 138),
(2883, '2013-03-04 13:39:14', 137),
(2884, '2013-03-04 13:39:17', 138),
(2885, '2013-03-04 13:39:19', 139),
(2886, '2013-03-04 13:39:46', 138),
(2887, '2013-03-04 15:23:24', 134),
(2888, '2013-03-05 11:35:46', 125),
(2889, '2013-03-05 15:56:43', 138),
(2890, '2013-03-05 20:58:25', 139),
(2891, '2013-03-05 21:00:42', 138),
(2892, '2013-03-05 21:02:59', 139),
(2893, '2013-03-06 01:41:33', 133),
(2894, '2013-03-10 19:19:05', 138),
(2895, '2013-03-10 19:54:01', 138),
(2896, '2013-03-10 19:59:45', 138),
(2897, '2013-03-10 20:01:18', 138),
(2898, '2013-03-10 20:02:49', 138),
(2899, '2013-03-10 20:05:47', 138),
(2900, '2013-03-10 20:14:03', 138),
(2901, '2013-03-10 20:14:26', 138),
(2902, '2013-03-10 20:14:56', 138),
(2903, '2013-03-10 20:24:12', 138),
(2904, '2013-03-10 20:24:16', 132),
(2905, '2013-03-10 20:24:23', 96),
(2906, '2013-03-10 20:25:10', 96),
(2907, '2013-03-10 20:29:41', 96),
(2908, '2013-03-10 20:42:14', 96),
(2909, '2013-03-10 22:24:11', 142),
(2910, '2013-03-10 22:24:28', 141),
(2911, '2013-03-10 22:24:50', 141),
(2912, '2013-03-10 22:25:00', 86),
(2913, '2013-03-11 11:06:02', 136),
(2914, '2013-03-11 11:43:21', 142),
(2915, '2013-03-11 11:56:37', 142),
(2916, '2013-03-11 15:28:59', 133),
(2917, '2013-03-11 16:27:49', 134),
(2918, '2013-03-11 16:30:57', 138),
(2919, '2013-03-11 17:16:54', 142),
(2920, '2013-03-11 17:16:56', 102),
(2921, '2013-03-12 01:23:58', 133),
(2922, '2013-03-12 01:39:44', 139),
(2923, '2013-03-12 01:40:06', 133),
(2924, '2013-03-12 17:09:35', 133),
(2925, '2013-03-12 17:44:17', 137),
(2926, '2013-03-12 17:44:19', 138),
(2927, '2013-03-12 17:44:23', 132),
(2928, '2013-03-12 17:44:26', 131),
(2929, '2013-03-12 17:44:29', 130),
(2930, '2013-03-12 17:44:32', 125),
(2931, '2013-03-12 17:44:34', 115),
(2932, '2013-03-12 17:44:36', 110),
(2933, '2013-03-12 17:44:41', 107),
(2934, '2013-03-12 17:44:43', 97),
(2935, '2013-03-12 17:44:44', 96),
(2936, '2013-03-13 00:32:22', 138),
(2937, '2013-03-13 01:24:07', 143),
(2938, '2013-03-13 01:24:35', 143),
(2939, '2013-03-13 02:52:22', 142),
(2940, '2013-03-13 02:52:34', 102),
(2941, '2013-03-13 02:52:56', 142),
(2942, '2013-03-13 02:54:12', 135),
(2943, '2013-03-13 02:54:25', 133),
(2944, '2013-03-13 02:54:49', 135),
(2945, '2013-03-13 02:55:08', 134),
(2946, '2013-03-13 02:55:31', 134),
(2947, '2013-03-13 02:56:26', 134),
(2948, '2013-03-13 02:57:24', 133),
(2949, '2013-03-13 02:57:37', 136),
(2950, '2013-03-13 02:58:26', 134),
(2951, '2013-03-13 02:59:06', 133),
(2952, '2013-03-13 03:00:20', 135),
(2953, '2013-03-13 03:01:05', 133),
(2954, '2013-03-13 03:01:18', 125),
(2955, '2013-03-13 03:02:08', 143),
(2956, '2013-03-13 03:02:38', 143),
(2957, '2013-03-13 03:02:51', 92),
(2958, '2013-03-13 03:03:33', 87),
(2959, '2013-03-13 03:04:47', 143),
(2960, '2013-03-13 03:06:01', 143),
(2961, '2013-03-13 03:06:38', 143),
(2962, '2013-03-13 03:06:46', 125),
(2963, '2013-03-13 03:07:32', 102),
(2964, '2013-03-13 03:07:41', 133),
(2965, '2013-03-13 03:11:42', 143),
(2966, '2013-03-13 03:26:50', 135),
(2967, '2013-03-13 03:31:09', 143),
(2968, '2013-03-13 11:28:01', 142),
(2969, '2013-03-13 11:28:08', 134),
(2970, '2013-03-13 11:32:14', 133),
(2971, '2013-03-13 11:46:18', 134),
(2972, '2013-03-13 11:51:35', 139),
(2973, '2013-03-13 11:51:41', 134),
(2974, '2013-03-13 14:21:03', 115),
(2975, '2013-03-13 14:23:12', 141),
(2976, '2013-03-13 14:26:12', 143),
(2977, '2013-03-13 14:37:34', 115),
(2978, '2013-03-13 14:39:01', 125),
(2979, '2013-03-13 14:41:19', 133),
(2980, '2013-03-13 14:41:50', 133),
(2981, '2013-03-13 14:42:01', 130),
(2982, '2013-03-13 14:42:21', 131),
(2983, '2013-03-13 14:42:30', 138),
(2984, '2013-03-13 14:42:40', 87),
(2985, '2013-03-13 14:43:06', 143),
(2986, '2013-03-13 14:43:24', 134),
(2987, '2013-03-13 14:44:35', 96),
(2988, '2013-03-13 14:44:48', 91),
(2989, '2013-03-13 15:59:02', 143),
(2990, '2013-03-13 16:08:50', 143),
(2991, '2013-03-13 16:10:58', 115),
(2992, '2013-03-13 16:11:27', 139),
(2993, '2013-03-13 16:11:36', 136),
(2994, '2013-03-13 16:11:44', 133),
(2995, '2013-03-13 16:11:56', 134),
(2996, '2013-03-13 16:19:45', 132),
(2997, '2013-03-13 16:19:49', 133),
(2998, '2013-03-13 16:19:54', 134),
(2999, '2013-03-13 16:50:06', 135),
(3000, '2013-03-13 16:50:13', 135),
(3001, '2013-03-13 16:55:53', 134),
(3002, '2013-03-13 17:00:46', 138),
(3003, '2013-03-13 17:01:41', 135),
(3004, '2013-03-13 17:02:06', 137),
(3005, '2013-03-13 17:03:32', 138),
(3006, '2013-03-13 17:15:34', 137),
(3007, '2013-03-13 17:18:38', 110),
(3008, '2013-03-13 17:18:43', 96),
(3009, '2013-03-13 17:22:08', 87),
(3010, '2013-03-13 17:27:08', 142),
(3011, '2013-03-13 17:28:07', 143),
(3012, '2013-03-13 17:47:57', 135),
(3013, '2013-03-13 17:48:03', 134),
(3014, '2013-03-13 18:10:59', 110),
(3015, '2013-03-13 18:31:05', 108),
(3016, '2013-03-13 18:32:21', 143),
(3017, '2013-03-13 18:45:44', 135),
(3018, '2013-03-13 18:46:53', 125),
(3019, '2013-03-13 18:46:59', 143),
(3020, '2013-03-13 18:47:06', 135),
(3021, '2013-03-13 18:47:13', 134),
(3022, '2013-03-13 19:00:56', 96),
(3023, '2013-03-13 19:02:28', 135),
(3024, '2013-03-13 19:02:30', 135),
(3025, '2013-03-13 21:48:56', 135),
(3026, '2013-03-13 21:49:22', 135),
(3027, '2013-03-13 21:49:38', 136),
(3028, '2013-03-13 21:49:48', 135),
(3029, '2013-03-13 21:51:07', 143),
(3030, '2013-03-13 22:51:43', 134),
(3031, '2013-03-13 23:28:48', 142),
(3032, '2013-03-14 00:38:13', 135),
(3033, '2013-03-14 09:22:46', 143),
(3034, '2013-03-14 09:28:42', 142),
(3035, '2013-03-14 09:34:21', 115),
(3036, '2013-03-14 09:42:06', 142),
(3037, '2013-03-14 09:43:33', 125),
(3038, '2013-03-14 09:52:53', 142),
(3039, '2013-03-14 10:10:32', 115),
(3040, '2013-03-14 10:48:04', 131),
(3041, '2013-03-14 10:52:18', 135),
(3042, '2013-03-14 10:52:20', 136),
(3043, '2013-03-14 10:53:19', 135),
(3044, '2013-03-14 10:53:55', 136),
(3045, '2013-03-14 10:53:57', 135),
(3046, '2013-03-14 10:54:00', 136),
(3047, '2013-03-14 10:54:49', 135),
(3048, '2013-03-14 10:55:15', 136),
(3049, '2013-03-14 10:55:17', 135),
(3050, '2013-03-14 10:55:29', 136),
(3051, '2013-03-14 10:55:53', 135),
(3052, '2013-03-14 10:55:57', 136),
(3053, '2013-03-14 10:55:59', 135),
(3054, '2013-03-14 10:57:56', 136),
(3055, '2013-03-14 10:57:58', 135),
(3056, '2013-03-14 10:58:00', 136),
(3057, '2013-03-14 16:02:19', 74),
(3058, '2013-03-14 16:18:05', 142),
(3059, '2013-03-14 16:37:56', 89),
(3060, '2013-03-14 17:54:39', 143),
(3061, '2013-03-14 17:55:51', 125),
(3062, '2013-03-14 17:56:13', 75),
(3063, '2013-03-14 17:56:50', 75),
(3064, '2013-03-14 20:31:26', 108),
(3065, '2013-03-14 22:59:12', 135),
(3066, '2013-03-14 22:59:15', 135),
(3067, '2013-03-14 23:19:28', 138),
(3068, '2013-03-15 00:03:53', 135),
(3069, '2013-03-15 00:03:57', 135),
(3070, '2013-03-15 00:05:32', 134),
(3071, '2013-03-15 00:05:58', 134),
(3072, '2013-03-15 00:06:04', 134),
(3073, '2013-03-15 00:07:32', 134),
(3074, '2013-03-15 00:09:53', 134),
(3075, '2013-03-15 00:34:32', 142),
(3076, '2013-03-15 00:42:55', 142),
(3077, '2013-03-15 01:00:00', 143),
(3078, '2013-03-15 01:05:00', 115),
(3079, '2013-03-15 01:06:57', 115),
(3080, '2013-03-15 01:13:20', 139),
(3081, '2013-03-15 01:13:22', 134),
(3082, '2013-03-15 01:14:05', 142),
(3083, '2013-03-15 01:26:08', 143),
(3084, '2013-03-15 01:30:19', 142),
(3085, '2013-03-15 01:31:50', 143),
(3086, '2013-03-15 01:52:03', 142),
(3087, '2013-03-15 01:52:20', 142),
(3088, '2013-03-15 01:53:52', 142),
(3089, '2013-03-15 01:58:41', 143),
(3090, '2013-03-15 01:58:57', 134),
(3091, '2013-03-15 02:05:00', 142),
(3092, '2013-03-15 02:06:12', 134),
(3093, '2013-03-15 02:08:32', 142),
(3094, '2013-03-15 02:10:04', 134),
(3095, '2013-03-15 02:10:16', 143);
INSERT INTO `views` (`id`, `viewed`, `image_id`) VALUES
(3096, '2013-03-15 02:10:42', 142),
(3097, '2013-03-15 02:17:22', 134),
(3098, '2013-03-15 02:17:39', 115),
(3099, '2013-03-15 02:18:39', 135),
(3100, '2013-03-15 02:18:43', 135),
(3101, '2013-03-15 10:09:27', 138),
(3102, '2013-03-15 10:11:09', 134),
(3103, '2013-03-15 11:10:20', 134),
(3104, '2013-03-15 12:06:21', 139),
(3105, '2013-03-15 12:06:25', 135),
(3106, '2013-03-15 12:14:09', 136),
(3107, '2013-03-15 12:15:19', 141),
(3108, '2013-03-15 12:34:15', 134),
(3109, '2013-03-15 14:11:27', 141),
(3110, '2013-03-15 17:29:05', 138),
(3111, '2013-03-16 16:39:32', 142),
(3112, '2013-03-16 16:40:11', 142),
(3113, '2013-03-16 16:46:40', 143),
(3114, '2013-03-16 17:39:20', 141),
(3115, '2013-03-16 17:39:43', 135),
(3116, '2013-03-16 17:39:47', 135),
(3117, '2013-03-16 18:45:10', 133),
(3118, '2013-03-16 18:45:51', 135),
(3119, '2013-03-16 18:46:10', 143),
(3120, '2013-03-16 19:03:57', 135),
(3121, '2013-03-16 19:03:59', 135),
(3122, '2013-03-16 19:04:24', 135),
(3123, '2013-03-16 19:04:27', 135),
(3124, '2013-03-16 19:04:30', 135),
(3125, '2013-03-16 19:05:13', 135),
(3126, '2013-03-16 19:06:36', 135),
(3127, '2013-03-16 19:06:44', 135),
(3128, '2013-03-16 19:12:18', 134),
(3129, '2013-03-16 19:17:39', 135),
(3130, '2013-03-16 20:24:04', 142),
(3131, '2013-03-17 13:12:47', 138),
(3132, '2013-03-17 23:11:11', 138),
(3133, '2013-03-18 00:30:31', 141),
(3134, '2013-03-18 01:34:43', 141),
(3135, '2013-03-18 01:40:44', 134),
(3136, '2013-03-18 12:12:57', 142),
(3137, '2013-03-18 12:13:00', 102),
(3138, '2013-03-18 12:13:40', 106),
(3139, '2013-03-18 12:13:43', 106),
(3140, '2013-03-18 15:20:50', 125),
(3141, '2013-03-18 15:32:53', 143),
(3142, '2013-03-18 15:33:20', 136),
(3143, '2013-03-18 15:33:46', 142),
(3144, '2013-03-18 15:34:02', 108),
(3145, '2013-03-18 15:34:05', 108),
(3146, '2013-03-18 17:43:40', 141),
(3147, '2013-03-18 22:22:09', 115),
(3148, '2013-03-18 22:26:25', 143),
(3149, '2013-03-18 22:27:00', 96),
(3150, '2013-03-19 05:06:58', 135),
(3151, '2013-03-19 05:07:01', 135),
(3152, '2013-03-19 12:01:54', 131),
(3153, '2013-03-19 12:01:56', 134),
(3154, '2013-03-19 12:01:59', 133),
(3155, '2013-03-19 12:02:20', 93),
(3156, '2013-03-19 12:02:39', 125),
(3157, '2013-03-19 12:09:56', 143),
(3158, '2013-03-19 12:55:16', 138),
(3159, '2013-03-19 12:58:30', 143),
(3160, '2013-03-19 14:27:37', 137),
(3161, '2013-03-19 14:39:47', 142),
(3162, '2013-03-19 14:42:01', 104),
(3163, '2013-03-19 14:42:03', 102),
(3164, '2013-03-19 14:42:04', 101),
(3165, '2013-03-19 14:42:05', 105),
(3166, '2013-03-19 14:43:35', 133),
(3167, '2013-03-19 15:09:34', 135),
(3168, '2013-03-19 15:10:29', 110),
(3169, '2013-03-19 15:16:15', 142),
(3170, '2013-03-19 15:32:31', 102),
(3171, '2013-03-19 15:32:36', 133),
(3172, '2013-03-19 15:36:17', 142),
(3173, '2013-03-19 15:40:21', 142),
(3174, '2013-03-19 15:40:54', 142),
(3175, '2013-03-19 15:43:08', 142),
(3176, '2013-03-19 15:44:03', 142),
(3177, '2013-03-19 15:44:07', 142),
(3178, '2013-03-19 16:01:36', 101),
(3179, '2013-03-19 16:01:39', 134),
(3180, '2013-03-19 16:02:05', 134),
(3181, '2013-03-19 16:02:30', 142),
(3182, '2013-03-19 16:02:47', 142),
(3183, '2013-03-19 16:02:55', 142),
(3184, '2013-03-19 16:03:58', 137),
(3185, '2013-03-19 16:08:53', 134),
(3186, '2013-03-19 16:11:20', 134),
(3187, '2013-03-19 16:11:29', 134),
(3188, '2013-03-19 16:15:29', 134),
(3189, '2013-03-19 16:17:08', 138),
(3190, '2013-03-19 16:17:22', 138),
(3191, '2013-03-19 16:17:38', 142),
(3192, '2013-03-19 16:17:48', 138),
(3193, '2013-03-19 16:18:00', 138),
(3194, '2013-03-19 16:18:24', 138),
(3195, '2013-03-19 16:18:36', 96),
(3196, '2013-03-19 16:18:54', 96),
(3197, '2013-03-19 16:23:30', 135),
(3198, '2013-03-19 16:28:59', 135),
(3199, '2013-03-19 16:29:15', 135),
(3200, '2013-03-19 16:29:30', 135),
(3201, '2013-03-19 17:06:36', 135),
(3202, '2013-03-19 17:06:48', 135),
(3203, '2013-03-19 17:23:39', 96),
(3204, '2013-03-19 17:26:42', 138),
(3205, '2013-03-19 18:10:01', 139),
(3206, '2013-03-19 18:10:30', 108),
(3207, '2013-03-19 19:05:08', 141),
(3208, '2013-03-19 19:05:17', 105),
(3209, '2013-03-19 19:08:07', 139),
(3210, '2013-03-19 20:10:03', 125),
(3211, '2013-03-19 21:23:19', 134),
(3212, '2013-03-19 21:23:23', 137),
(3213, '2013-03-19 21:23:26', 135),
(3214, '2013-03-20 09:29:37', 142),
(3215, '2013-03-20 09:29:43', 142),
(3216, '2013-03-20 09:29:45', 142),
(3217, '2013-03-20 09:29:47', 142),
(3218, '2013-03-20 09:29:49', 142),
(3219, '2013-03-20 09:29:51', 142),
(3220, '2013-03-20 09:29:59', 142),
(3221, '2013-03-20 09:30:50', 142),
(3222, '2013-03-20 09:31:05', 142),
(3223, '2013-03-20 09:31:07', 142),
(3224, '2013-03-20 10:22:49', 142),
(3225, '2013-03-20 10:23:26', 142),
(3226, '2013-03-20 10:23:55', 138),
(3227, '2013-03-20 10:24:11', 141),
(3228, '2013-03-20 13:15:05', 141),
(3229, '2013-03-20 13:15:12', 102),
(3230, '2013-03-20 13:16:06', 106),
(3231, '2013-03-20 13:16:54', 105),
(3232, '2013-03-20 13:18:14', 134),
(3233, '2013-03-20 13:18:25', 134),
(3234, '2013-03-20 13:18:29', 139),
(3235, '2013-03-20 13:18:31', 138),
(3236, '2013-03-20 13:18:32', 137),
(3237, '2013-03-20 13:18:37', 142),
(3238, '2013-03-20 13:19:09', 141),
(3239, '2013-03-20 13:19:15', 141),
(3240, '2013-03-20 13:19:27', 141),
(3241, '2013-03-20 13:20:36', 142),
(3242, '2013-03-20 13:20:40', 142),
(3243, '2013-03-20 14:29:01', 141),
(3244, '2013-03-20 14:29:20', 134),
(3245, '2013-03-20 15:12:17', 134),
(3246, '2013-03-20 15:12:24', 134),
(3247, '2013-03-20 15:12:39', 134),
(3248, '2013-03-20 15:13:56', 134),
(3249, '2013-03-20 15:14:06', 134),
(3250, '2013-03-20 15:14:07', 134),
(3251, '2013-03-20 15:14:09', 134),
(3252, '2013-03-20 15:15:04', 134),
(3253, '2013-03-20 15:15:07', 134),
(3254, '2013-03-20 15:15:26', 134),
(3255, '2013-03-20 15:15:38', 134),
(3256, '2013-03-20 15:20:02', 136),
(3257, '2013-03-20 15:20:56', 136),
(3258, '2013-03-20 15:22:15', 136),
(3259, '2013-03-20 15:22:17', 136),
(3260, '2013-03-20 15:22:18', 136),
(3261, '2013-03-20 15:22:22', 136),
(3262, '2013-03-20 15:26:44', 136),
(3263, '2013-03-20 15:26:51', 136),
(3264, '2013-03-20 15:26:53', 136),
(3265, '2013-03-20 15:26:54', 136),
(3266, '2013-03-20 15:27:03', 137),
(3267, '2013-03-20 15:27:07', 138),
(3268, '2013-03-20 17:07:34', 139),
(3269, '2013-03-20 17:07:43', 134),
(3270, '2013-03-20 17:07:49', 134),
(3271, '2013-03-20 17:08:00', 134),
(3272, '2013-03-20 17:08:01', 134),
(3273, '2013-03-20 17:32:17', 138),
(3274, '2013-03-20 17:43:14', 138),
(3275, '2013-03-20 17:43:50', 134),
(3276, '2013-03-20 17:50:03', 134),
(3277, '2013-03-20 18:03:28', 134),
(3278, '2013-03-20 18:04:21', 134),
(3279, '2013-03-20 18:06:26', 139),
(3280, '2013-03-20 18:06:37', 135),
(3281, '2013-03-20 18:07:21', 137),
(3282, '2013-03-20 18:07:39', 138),
(3283, '2013-03-20 18:08:05', 135),
(3284, '2013-03-20 19:36:40', 142),
(3285, '2013-03-20 19:36:44', 106),
(3286, '2013-03-20 19:51:20', 106),
(3287, '2013-03-20 19:51:26', 102),
(3288, '2013-03-20 19:51:35', 141),
(3289, '2013-03-20 19:51:39', 106),
(3290, '2013-03-20 19:51:51', 106),
(3291, '2013-03-20 19:51:59', 106),
(3292, '2013-03-20 19:52:25', 106),
(3293, '2013-03-20 19:52:36', 106),
(3294, '2013-03-20 19:52:47', 133),
(3295, '2013-03-20 19:53:11', 107),
(3296, '2013-03-20 19:53:17', 133),
(3297, '2013-03-20 19:53:48', 133),
(3298, '2013-03-20 19:53:54', 135),
(3299, '2013-03-21 08:48:15', 141),
(3300, '2013-03-21 09:37:39', 132),
(3301, '2013-03-21 10:51:10', 125),
(3302, '2013-03-21 19:20:43', 133),
(3303, '2013-03-21 22:11:02', 138),
(3304, '2013-03-21 22:11:05', 135),
(3305, '2013-03-21 22:12:12', 135),
(3306, '2013-03-21 22:12:19', 108),
(3307, '2013-03-21 22:12:41', 108),
(3308, '2013-03-21 22:19:03', 133),
(3309, '2013-03-22 10:01:44', 136),
(3310, '2013-03-22 10:02:39', 136),
(3311, '2013-03-22 10:02:47', 136),
(3312, '2013-03-22 10:02:59', 136),
(3313, '2013-03-22 10:02:59', 136),
(3314, '2013-03-22 10:03:00', 136),
(3315, '2013-03-22 12:50:50', 142),
(3316, '2013-03-22 12:51:00', 142),
(3317, '2013-03-22 12:51:05', 133),
(3318, '2013-03-22 12:51:45', 133),
(3319, '2013-03-22 13:35:59', 142),
(3320, '2013-03-22 13:36:11', 133),
(3321, '2013-03-22 14:26:13', 134),
(3322, '2013-03-22 14:28:55', 132),
(3323, '2013-03-22 14:37:50', 134),
(3324, '2013-03-22 14:45:58', 141),
(3325, '2013-03-22 14:46:24', 106),
(3326, '2013-03-22 14:46:28', 106),
(3327, '2013-03-22 14:46:38', 141),
(3328, '2013-03-23 20:51:23', 138),
(3329, '2013-03-23 20:51:30', 139),
(3330, '2013-03-24 08:02:21', 142),
(3331, '2013-03-24 08:14:31', 142),
(3332, '2013-03-24 08:14:45', 142),
(3333, '2013-03-24 08:14:56', 133),
(3334, '2013-03-24 08:15:03', 134),
(3335, '2013-03-24 08:16:40', 115),
(3336, '2013-03-24 08:16:42', 136),
(3337, '2013-03-24 08:43:04', 138),
(3338, '2013-03-24 09:53:51', 138),
(3339, '2013-03-24 09:54:06', 138),
(3340, '2013-03-24 10:13:41', 125),
(3341, '2013-03-24 10:18:10', 105),
(3342, '2013-03-24 10:20:32', 139),
(3343, '2013-03-24 10:20:46', 136),
(3344, '2013-03-24 10:21:28', 141),
(3345, '2013-03-24 10:21:41', 142),
(3346, '2013-03-24 10:22:46', 106),
(3347, '2013-03-24 10:23:00', 106),
(3348, '2013-03-24 10:28:17', 96),
(3349, '2013-03-24 10:28:48', 139),
(3350, '2013-03-24 10:28:49', 138),
(3351, '2013-03-24 10:28:50', 133),
(3352, '2013-03-24 10:28:58', 134),
(3353, '2013-03-24 12:38:04', 134),
(3354, '2013-03-24 12:38:45', 87),
(3355, '2013-03-24 12:38:50', 87),
(3356, '2013-03-24 12:39:59', 135),
(3357, '2013-03-24 12:41:38', 138),
(3358, '2013-03-24 14:19:25', 142),
(3359, '2013-03-24 14:19:28', 142),
(3360, '2013-03-24 14:25:30', 141),
(3361, '2013-03-24 14:26:24', 141),
(3362, '2013-03-24 14:26:26', 141),
(3363, '2013-03-24 14:26:41', 141),
(3364, '2013-03-24 14:26:42', 141),
(3365, '2013-03-24 14:27:24', 141),
(3366, '2013-03-24 14:28:13', 141),
(3367, '2013-03-24 14:29:08', 105),
(3368, '2013-03-24 14:30:56', 134),
(3369, '2013-03-24 14:39:56', 136),
(3370, '2013-03-24 14:40:03', 134),
(3371, '2013-03-24 14:41:48', 138),
(3372, '2013-03-24 15:01:08', 136),
(3373, '2013-03-24 18:34:30', 142),
(3374, '2013-03-24 18:34:48', 141),
(3375, '2013-03-24 18:34:50', 106),
(3376, '2013-03-24 18:38:27', 134),
(3377, '2013-03-24 18:38:48', 135),
(3378, '2013-03-24 18:40:40', 135),
(3379, '2013-03-24 18:43:21', 142),
(3380, '2013-03-24 18:46:17', 135),
(3381, '2013-03-24 18:49:24', 142),
(3382, '2013-03-24 18:53:09', 135),
(3383, '2013-03-24 18:54:47', 139),
(3384, '2013-03-25 12:15:52', 142),
(3385, '2013-03-25 17:30:02', 142),
(3386, '2013-03-25 17:33:12', 142),
(3387, '2013-03-25 17:33:28', 142),
(3388, '2013-03-25 17:39:10', 142),
(3389, '2013-03-25 17:40:18', 96),
(3390, '2013-03-25 17:40:23', 90),
(3391, '2013-03-25 17:40:29', 100),
(3392, '2013-03-25 17:40:37', 142),
(3393, '2013-03-25 17:41:17', 142),
(3394, '2013-03-25 17:41:39', 142),
(3395, '2013-03-25 17:41:42', 142),
(3396, '2013-03-25 17:42:38', 142),
(3397, '2013-03-25 20:54:06', 142),
(3398, '2013-03-25 22:09:43', 139),
(3399, '2013-03-26 15:30:10', 134),
(3400, '2013-03-26 15:31:12', 136),
(3401, '2013-03-26 15:31:30', 134),
(3402, '2013-03-26 15:31:35', 139),
(3403, '2013-03-26 15:31:37', 138),
(3404, '2013-03-26 15:31:40', 137),
(3405, '2013-03-26 15:31:41', 143),
(3406, '2013-03-26 15:32:55', 143),
(3407, '2013-03-26 15:34:59', 143),
(3408, '2013-03-26 15:35:06', 143),
(3409, '2013-03-26 15:37:25', 137),
(3410, '2013-03-26 15:37:46', 143),
(3411, '2013-03-26 15:38:13', 125),
(3412, '2013-03-26 15:42:10', 135),
(3413, '2013-03-26 15:42:19', 135),
(3414, '2013-03-26 15:42:32', 76),
(3415, '2013-03-26 15:42:41', 78),
(3416, '2013-03-26 17:03:51', 134),
(3417, '2013-03-27 15:17:04', 141),
(3418, '2013-03-27 15:17:10', 141),
(3419, '2013-03-27 15:18:18', 142),
(3420, '2013-03-27 16:23:50', 134),
(3421, '2013-03-27 16:30:56', 135),
(3422, '2013-03-27 16:31:48', 135),
(3423, '2013-03-27 16:31:49', 135),
(3424, '2013-03-27 16:31:50', 135),
(3425, '2013-03-27 16:32:09', 135),
(3426, '2013-03-27 16:33:59', 136),
(3427, '2013-03-27 16:34:03', 135),
(3428, '2013-03-27 16:34:04', 136),
(3429, '2013-03-27 16:34:09', 135),
(3430, '2013-03-27 16:50:11', 139),
(3431, '2013-03-27 16:50:16', 139),
(3432, '2013-03-27 16:50:21', 134),
(3433, '2013-03-27 16:50:25', 138),
(3434, '2013-03-27 16:50:26', 139),
(3435, '2013-03-27 16:50:27', 143),
(3436, '2013-03-27 16:50:29', 137),
(3437, '2013-03-27 16:50:39', 137),
(3438, '2013-03-27 16:51:01', 137),
(3439, '2013-03-27 16:51:02', 137),
(3440, '2013-03-27 16:51:06', 137),
(3441, '2013-03-27 18:04:54', 137),
(3442, '2013-03-27 18:05:58', 137),
(3443, '2013-03-27 18:06:13', 138),
(3444, '2013-03-27 18:06:18', 137),
(3445, '2013-03-27 18:06:20', 138),
(3446, '2013-03-27 18:06:28', 137),
(3447, '2013-03-27 18:07:40', 138),
(3448, '2013-03-27 18:07:42', 137),
(3449, '2013-03-27 18:07:54', 134),
(3450, '2013-03-27 18:08:07', 137),
(3451, '2013-03-27 18:08:35', 137),
(3452, '2013-03-27 18:08:56', 137),
(3453, '2013-03-27 18:09:06', 137),
(3454, '2013-03-27 18:09:33', 137),
(3455, '2013-03-27 18:11:04', 137),
(3456, '2013-03-27 18:11:19', 138),
(3457, '2013-03-27 18:11:22', 137),
(3458, '2013-03-27 18:11:48', 137),
(3459, '2013-03-27 18:12:05', 137),
(3460, '2013-03-27 18:13:08', 137),
(3461, '2013-03-27 18:13:19', 134),
(3462, '2013-03-27 18:18:52', 134),
(3463, '2013-03-27 18:47:26', 134),
(3464, '2013-03-27 18:48:10', 134),
(3465, '2013-03-27 18:48:22', 134),
(3466, '2013-03-27 19:01:06', 141),
(3467, '2013-03-27 19:31:00', 141),
(3468, '2013-03-27 21:18:27', 106),
(3469, '2013-03-27 21:18:57', 106),
(3470, '2013-03-27 21:19:11', 105),
(3471, '2013-03-27 21:19:53', 84),
(3472, '2013-03-27 21:20:12', 96),
(3473, '2013-03-27 21:20:22', 137),
(3474, '2013-03-27 21:20:28', 96),
(3475, '2013-03-27 22:06:08', 88),
(3476, '2013-03-27 22:28:17', 125),
(3477, '2013-03-27 22:28:30', 138),
(3478, '2013-03-27 22:28:33', 133),
(3479, '2013-03-27 22:28:48', 106),
(3480, '2013-03-28 14:40:11', 87),
(3481, '2013-03-28 16:44:46', 135),
(3482, '2013-03-28 16:59:20', 143),
(3483, '2013-03-28 16:59:26', 125),
(3484, '2013-03-28 16:59:46', 135),
(3485, '2013-03-28 16:59:57', 133),
(3486, '2013-03-28 17:00:06', 110),
(3487, '2013-03-28 17:00:27', 101),
(3488, '2013-03-28 17:06:37', 108),
(3489, '2013-03-28 17:06:41', 108),
(3490, '2013-03-28 17:07:04', 108),
(3491, '2013-03-28 17:07:13', 142),
(3492, '2013-03-28 17:27:05', 134),
(3493, '2013-03-28 17:27:20', 136),
(3494, '2013-03-28 19:24:35', 133),
(3495, '2013-03-30 22:18:00', 125),
(3496, '2013-03-30 22:19:33', 125),
(3497, '2013-04-01 02:33:40', 139),
(3498, '2013-04-01 23:06:56', 139),
(3499, '2013-04-02 20:25:30', 74),
(3500, '2013-04-02 20:25:34', 58),
(3501, '2013-04-17 21:32:48', 144),
(3502, '2013-06-29 09:06:17', 138),
(3503, '2013-06-29 09:06:40', 138),
(3504, '2013-06-29 09:08:57', 142),
(3505, '2013-06-29 09:09:13', 134),
(3506, '2013-06-29 09:10:37', 145),
(3507, '2013-06-29 09:12:03', 145),
(3508, '2013-06-29 09:15:33', 143),
(3509, '2013-06-29 11:09:24', 138),
(3510, '2013-06-29 11:09:49', 144),
(3511, '2013-06-29 11:09:55', 141),
(3512, '2013-06-29 11:10:58', 135),
(3513, '2013-06-29 11:11:04', 135),
(3514, '2013-06-29 11:11:59', 88),
(3515, '2013-06-29 12:38:03', 132),
(3516, '2013-06-29 12:38:54', 144),
(3517, '2013-06-29 12:39:20', 145),
(3518, '2013-06-29 12:39:23', 144),
(3519, '2013-06-29 12:39:25', 143),
(3520, '2013-06-29 12:54:49', 139),
(3521, '2013-06-29 13:29:28', 145),
(3522, '2013-06-29 13:29:44', 142),
(3523, '2013-06-29 13:30:18', 139),
(3524, '2013-06-29 13:30:19', 144),
(3525, '2013-06-29 13:51:32', 144),
(3526, '2013-06-29 14:03:01', 138),
(3527, '2013-06-29 14:03:11', 139),
(3528, '2013-06-29 14:03:17', 145),
(3529, '2013-06-29 14:03:23', 144),
(3530, '2013-06-29 14:03:49', 145),
(3531, '2013-06-29 14:09:45', 136),
(3532, '2013-06-29 16:28:47', 84),
(3533, '2013-06-29 16:29:48', 84),
(3534, '2013-06-29 16:30:08', 85),
(3535, '2013-06-29 16:30:14', 84),
(3536, '2013-06-29 16:30:16', 83),
(3537, '2013-06-29 16:30:18', 84),
(3538, '2013-06-29 16:30:20', 85),
(3539, '2013-11-01 18:11:03', 87),
(3540, '2013-11-01 18:17:13', 138),
(3541, '2013-11-03 09:17:56', 134),
(3542, '2013-11-14 19:43:41', 141),
(3543, '2013-11-14 19:46:13', 138),
(3544, '2013-11-15 20:16:24', 145),
(3545, '2013-11-15 20:17:50', 135),
(3546, '2013-11-15 20:28:15', 144),
(3547, '2013-11-15 20:29:17', 135),
(3548, '2013-11-15 21:27:39', 145),
(3549, '2013-11-15 21:27:42', 135),
(3550, '2013-11-15 21:27:47', 135),
(3551, '2013-11-15 21:28:11', 136),
(3552, '2013-11-16 11:55:20', 142),
(3553, '2013-11-16 11:55:41', 76),
(3554, '2013-11-16 12:13:12', 144),
(3555, '2013-11-16 12:15:01', 135),
(3556, '2013-11-16 12:24:28', 138),
(3557, '2013-11-16 12:24:30', 137),
(3558, '2013-11-16 12:30:54', 138),
(3559, '2013-11-16 12:30:58', 144),
(3560, '2013-11-16 17:26:08', 135),
(3561, '2013-11-16 17:26:13', 135),
(3562, '2013-11-16 17:26:15', 138),
(3563, '2013-11-16 17:26:28', 133),
(3564, '2013-11-16 17:27:09', 141),
(3565, '2013-11-16 17:37:13', 137),
(3566, '2013-11-16 17:37:21', 142),
(3567, '2013-11-16 17:37:49', 142),
(3568, '2014-08-25 09:21:03', 144),
(3569, '2014-08-26 13:16:25', 138),
(3570, '2014-08-26 13:18:00', 115),
(3571, '2014-08-26 14:03:43', 143),
(3572, '2014-08-26 14:04:32', 76),
(3573, '2014-08-26 14:04:48', 144),
(3574, '2014-08-26 14:09:45', 145),
(3575, '2014-08-26 14:18:05', 135),
(3576, '2014-08-26 14:22:37', 139),
(3577, '2014-08-29 10:41:22', 138),
(3578, '2014-08-29 11:44:38', 145),
(3579, '2014-08-29 11:45:02', 143),
(3580, '2014-08-29 11:45:15', 143),
(3581, '2014-08-29 11:45:43', 139),
(3582, '2014-08-29 11:47:17', 85),
(3583, '2014-08-29 11:47:21', 85),
(3584, '2014-08-29 11:47:35', 138),
(3585, '2014-08-29 11:48:49', 144),
(3586, '2014-08-29 11:51:20', 144),
(3587, '2014-08-29 11:54:57', 139),
(3588, '2014-08-29 15:02:29', 138),
(3589, '2014-08-29 15:03:23', 138),
(3590, '2014-08-29 15:03:43', 138),
(3591, '2014-08-29 15:14:29', 143),
(3592, '2014-08-29 15:15:43', 145),
(3593, '2014-08-29 15:21:29', 145),
(3594, '2014-08-29 15:39:23', 143),
(3595, '2014-08-29 15:39:31', 144),
(3596, '2014-08-29 15:46:21', 137),
(3597, '2014-08-29 16:13:12', 97),
(3598, '2014-08-29 16:13:17', 97),
(3599, '2014-08-29 16:23:12', 144),
(3600, '2014-08-29 16:28:56', 138),
(3601, '2014-08-29 19:02:08', 138),
(3602, '2014-08-29 19:14:52', 146),
(3603, '2014-08-29 19:32:55', 146),
(3604, '2014-08-29 19:33:08', 146),
(3605, '2014-08-29 19:34:54', 146),
(3606, '2014-08-29 21:32:30', 146),
(3607, '2014-08-30 08:00:43', 145),
(3608, '2014-08-30 08:00:59', 145),
(3609, '2014-08-30 08:02:19', 146),
(3610, '2014-08-30 08:02:37', 146),
(3611, '2014-08-30 08:04:18', 145),
(3612, '2014-08-30 08:05:56', 145),
(3613, '2014-08-30 08:05:59', 146),
(3614, '2014-08-30 08:13:36', 146),
(3615, '2014-08-30 08:16:43', 142),
(3616, '2014-08-30 08:17:01', 137),
(3617, '2014-08-30 08:21:37', 138),
(3618, '2014-08-30 08:21:56', 144),
(3619, '2014-08-30 08:21:58', 145),
(3620, '2014-08-30 08:22:16', 146),
(3621, '2014-08-30 08:33:57', 102),
(3622, '2014-08-30 08:33:59', 101),
(3623, '2014-08-30 08:42:16', 146),
(3624, '2014-08-30 08:55:50', 145),
(3625, '2014-08-30 09:24:03', 146),
(3626, '2014-08-30 09:53:56', 137),
(3627, '2014-08-30 09:54:04', 137),
(3628, '2014-08-30 09:55:53', 137),
(3629, '2014-08-30 09:57:44', 99),
(3630, '2014-08-30 09:59:56', 146),
(3631, '2014-08-30 10:01:11', 146),
(3632, '2014-08-30 10:01:34', 104),
(3633, '2014-08-30 10:06:21', 142),
(3634, '2014-08-30 10:06:38', 141),
(3635, '2014-08-30 10:32:01', 146),
(3636, '2014-08-30 12:42:55', 146),
(3637, '2014-08-30 12:51:39', 104),
(3638, '2014-08-30 12:57:23', 146),
(3639, '2014-08-30 12:59:50', 142),
(3640, '2014-08-30 13:02:24', 102),
(3641, '2014-08-30 13:02:59', 145),
(3642, '2014-08-30 13:07:57', 146),
(3643, '2014-08-30 13:08:01', 102),
(3644, '2014-08-30 13:09:12', 106),
(3645, '2014-08-30 13:11:50', 145),
(3646, '2014-08-30 13:12:52', 133),
(3647, '2014-08-30 13:13:34', 133),
(3648, '2014-08-30 13:13:57', 132),
(3649, '2014-08-30 13:14:07', 133),
(3650, '2014-08-30 13:14:11', 134),
(3651, '2014-08-30 13:14:14', 135),
(3652, '2014-08-30 13:14:18', 136),
(3653, '2014-08-30 13:14:35', 96),
(3654, '2014-08-30 13:17:37', 96),
(3655, '2014-08-30 14:50:56', 96),
(3656, '2014-08-30 15:05:13', 85),
(3657, '2014-08-30 15:05:50', 138),
(3658, '2014-08-30 18:53:28', 146),
(3659, '2014-08-30 23:09:54', 138),
(3660, '2014-08-30 23:13:11', 136),
(3661, '2014-08-31 00:53:47', 110),
(3662, '2014-08-31 00:53:54', 110),
(3663, '2014-09-01 18:55:11', 142),
(3664, '2014-09-01 18:55:30', 75),
(3665, '2014-09-01 18:55:34', 75),
(3666, '2014-09-01 18:56:30', 136),
(3667, '2014-09-01 18:58:43', 141),
(3668, '2014-09-02 05:01:35', 145),
(3669, '2014-09-02 05:02:08', 141),
(3670, '2014-09-02 05:12:03', 141),
(3671, '2014-09-02 05:12:30', 138),
(3672, '2014-09-02 05:12:52', 144),
(3673, '2014-09-02 05:13:15', 135),
(3674, '2014-09-02 05:13:20', 135),
(3675, '2014-09-02 05:13:37', 145),
(3676, '2014-09-02 05:13:42', 139),
(3677, '2014-09-02 08:00:09', 141),
(3678, '2014-09-02 08:28:26', 139),
(3679, '2014-09-02 08:34:16', 145),
(3680, '2014-09-02 08:38:33', 138),
(3681, '2014-09-02 08:38:37', 139),
(3682, '2014-09-02 10:21:16', 75),
(3683, '2014-09-02 10:33:33', 145),
(3684, '2014-09-02 18:05:58', 88),
(3685, '2014-09-02 18:09:45', 88),
(3686, '2014-09-02 18:51:25', 146),
(3687, '2014-09-02 19:09:59', 138),
(3688, '2014-09-03 07:41:40', 137),
(3689, '2014-09-03 08:18:23', 146),
(3690, '2014-09-03 08:18:53', 136),
(3691, '2014-09-03 09:03:31', 75);

--
-- Indeksy dla zrzutów tabel
--

--
-- Indexes for table `captcha`
--
ALTER TABLE `captcha`
 ADD PRIMARY KEY (`captcha_id`), ADD KEY `word` (`word`);

--
-- Indexes for table `comments`
--
ALTER TABLE `comments`
 ADD PRIMARY KEY (`id`);

--
-- Indexes for table `downloads`
--
ALTER TABLE `downloads`
 ADD PRIMARY KEY (`id`), ADD KEY `image_id` (`image_id`);

--
-- Indexes for table `favorites`
--
ALTER TABLE `favorites`
 ADD PRIMARY KEY (`id`), ADD UNIQUE KEY `images_users` (`image_id`,`user_id`), ADD KEY `user_id` (`user_id`), ADD KEY `image_id` (`image_id`);

--
-- Indexes for table `galleries`
--
ALTER TABLE `galleries`
 ADD PRIMARY KEY (`id`);

--
-- Indexes for table `galleries_categories`
--
ALTER TABLE `galleries_categories`
 ADD PRIMARY KEY (`id`), ADD KEY `parent_cat_id` (`parent_cat_id`);

--
-- Indexes for table `galleries_evaluations`
--
ALTER TABLE `galleries_evaluations`
 ADD PRIMARY KEY (`id`), ADD UNIQUE KEY `images_users_comment` (`gallery_id`,`user_id`,`comment_id`), ADD KEY `user_id` (`user_id`), ADD KEY `comment_id` (`comment_id`);

--
-- Indexes for table `galleries_images`
--
ALTER TABLE `galleries_images`
 ADD PRIMARY KEY (`id`), ADD UNIQUE KEY `gallery_image` (`gallery_id`,`image_id`), ADD UNIQUE KEY `gallery_order` (`gallery_id`,`order`), ADD KEY `image_id` (`image_id`);

--
-- Indexes for table `galleries_tags`
--
ALTER TABLE `galleries_tags`
 ADD PRIMARY KEY (`id`), ADD KEY `image_id` (`gallery_id`), ADD KEY `tag_id` (`tag_id`);

--
-- Indexes for table `groups`
--
ALTER TABLE `groups`
 ADD PRIMARY KEY (`id`);

--
-- Indexes for table `images`
--
ALTER TABLE `images`
 ADD PRIMARY KEY (`id`), ADD KEY `user_id` (`user_id`), ADD KEY `category` (`category_id`);

--
-- Indexes for table `images_categories`
--
ALTER TABLE `images_categories`
 ADD PRIMARY KEY (`id`), ADD KEY `parent_cat_id` (`parent_cat_id`);

--
-- Indexes for table `images_categories_temp`
--
ALTER TABLE `images_categories_temp`
 ADD PRIMARY KEY (`id`), ADD KEY `parent_cat_id` (`parent_cat_id`);

--
-- Indexes for table `images_evaluations`
--
ALTER TABLE `images_evaluations`
 ADD PRIMARY KEY (`id`), ADD UNIQUE KEY `images_users_comment` (`image_id`,`user_id`,`comment_id`), ADD KEY `user_id` (`user_id`), ADD KEY `comment_id` (`comment_id`);

--
-- Indexes for table `images_tags`
--
ALTER TABLE `images_tags`
 ADD PRIMARY KEY (`id`), ADD KEY `image_id` (`image_id`), ADD KEY `tag_id` (`tag_id`);

--
-- Indexes for table `login_attempts`
--
ALTER TABLE `login_attempts`
 ADD PRIMARY KEY (`id`);

--
-- Indexes for table `posts`
--
ALTER TABLE `posts`
 ADD PRIMARY KEY (`id`), ADD KEY `user_id_from` (`user_id_from`), ADD KEY `user_id_to` (`user_id_to`);

--
-- Indexes for table `sessions`
--
ALTER TABLE `sessions`
 ADD PRIMARY KEY (`session_id`), ADD KEY `last_activity_idx` (`last_activity`);

--
-- Indexes for table `tags`
--
ALTER TABLE `tags`
 ADD PRIMARY KEY (`id`), ADD UNIQUE KEY `tag` (`tag`);

--
-- Indexes for table `users`
--
ALTER TABLE `users`
 ADD PRIMARY KEY (`id`), ADD UNIQUE KEY `email` (`email`);

--
-- Indexes for table `users_groups`
--
ALTER TABLE `users_groups`
 ADD PRIMARY KEY (`id`), ADD KEY `group_id` (`group_id`), ADD KEY `user_id_2` (`user_id`);

--
-- Indexes for table `views`
--
ALTER TABLE `views`
 ADD PRIMARY KEY (`id`), ADD KEY `image_id` (`image_id`);

--
-- AUTO_INCREMENT for dumped tables
--

--
-- AUTO_INCREMENT dla tabeli `captcha`
--
ALTER TABLE `captcha`
MODIFY `captcha_id` bigint(13) unsigned NOT NULL AUTO_INCREMENT,AUTO_INCREMENT=366;
--
-- AUTO_INCREMENT dla tabeli `comments`
--
ALTER TABLE `comments`
MODIFY `id` int(10) unsigned NOT NULL AUTO_INCREMENT,AUTO_INCREMENT=232;
--
-- AUTO_INCREMENT dla tabeli `downloads`
--
ALTER TABLE `downloads`
MODIFY `id` int(11) NOT NULL AUTO_INCREMENT,AUTO_INCREMENT=93;
--
-- AUTO_INCREMENT dla tabeli `favorites`
--
ALTER TABLE `favorites`
MODIFY `id` int(11) NOT NULL AUTO_INCREMENT,AUTO_INCREMENT=329;
--
-- AUTO_INCREMENT dla tabeli `galleries`
--
ALTER TABLE `galleries`
MODIFY `id` int(10) unsigned NOT NULL AUTO_INCREMENT,AUTO_INCREMENT=33;
--
-- AUTO_INCREMENT dla tabeli `galleries_categories`
--
ALTER TABLE `galleries_categories`
MODIFY `id` mediumint(8) unsigned NOT NULL AUTO_INCREMENT,AUTO_INCREMENT=3;
--
-- AUTO_INCREMENT dla tabeli `galleries_evaluations`
--
ALTER TABLE `galleries_evaluations`
MODIFY `id` int(11) NOT NULL AUTO_INCREMENT,AUTO_INCREMENT=2;
--
-- AUTO_INCREMENT dla tabeli `galleries_images`
--
ALTER TABLE `galleries_images`
MODIFY `id` int(10) unsigned NOT NULL AUTO_INCREMENT,AUTO_INCREMENT=810;
--
-- AUTO_INCREMENT dla tabeli `galleries_tags`
--
ALTER TABLE `galleries_tags`
MODIFY `id` int(10) unsigned NOT NULL AUTO_INCREMENT,AUTO_INCREMENT=35;
--
-- AUTO_INCREMENT dla tabeli `groups`
--
ALTER TABLE `groups`
MODIFY `id` mediumint(8) unsigned NOT NULL AUTO_INCREMENT,AUTO_INCREMENT=3;
--
-- AUTO_INCREMENT dla tabeli `images`
--
ALTER TABLE `images`
MODIFY `id` int(10) unsigned NOT NULL AUTO_INCREMENT,AUTO_INCREMENT=147;
--
-- AUTO_INCREMENT dla tabeli `images_categories`
--
ALTER TABLE `images_categories`
MODIFY `id` mediumint(9) NOT NULL AUTO_INCREMENT,AUTO_INCREMENT=39;
--
-- AUTO_INCREMENT dla tabeli `images_categories_temp`
--
ALTER TABLE `images_categories_temp`
MODIFY `id` mediumint(8) unsigned NOT NULL AUTO_INCREMENT,AUTO_INCREMENT=21;
--
-- AUTO_INCREMENT dla tabeli `images_evaluations`
--
ALTER TABLE `images_evaluations`
MODIFY `id` int(11) NOT NULL AUTO_INCREMENT,AUTO_INCREMENT=44;
--
-- AUTO_INCREMENT dla tabeli `images_tags`
--
ALTER TABLE `images_tags`
MODIFY `id` int(10) unsigned NOT NULL AUTO_INCREMENT,AUTO_INCREMENT=275;
--
-- AUTO_INCREMENT dla tabeli `login_attempts`
--
ALTER TABLE `login_attempts`
MODIFY `id` mediumint(8) unsigned NOT NULL AUTO_INCREMENT;
--
-- AUTO_INCREMENT dla tabeli `posts`
--
ALTER TABLE `posts`
MODIFY `id` int(11) unsigned NOT NULL AUTO_INCREMENT,AUTO_INCREMENT=23;
--
-- AUTO_INCREMENT dla tabeli `tags`
--
ALTER TABLE `tags`
MODIFY `id` int(10) unsigned NOT NULL AUTO_INCREMENT,AUTO_INCREMENT=269;
--
-- AUTO_INCREMENT dla tabeli `users`
--
ALTER TABLE `users`
MODIFY `id` mediumint(8) unsigned NOT NULL AUTO_INCREMENT,AUTO_INCREMENT=21;
--
-- AUTO_INCREMENT dla tabeli `users_groups`
--
ALTER TABLE `users_groups`
MODIFY `id` mediumint(8) unsigned NOT NULL AUTO_INCREMENT,AUTO_INCREMENT=22;
--
-- AUTO_INCREMENT dla tabeli `views`
--
ALTER TABLE `views`
MODIFY `id` int(11) NOT NULL AUTO_INCREMENT,AUTO_INCREMENT=3692;
--
-- Ograniczenia dla zrzutów tabel
--

--
-- Ograniczenia dla tabeli `downloads`
--
ALTER TABLE `downloads`
ADD CONSTRAINT `downloads_ibfk_1` FOREIGN KEY (`image_id`) REFERENCES `images` (`id`) ON DELETE CASCADE ON UPDATE CASCADE;

--
-- Ograniczenia dla tabeli `favorites`
--
ALTER TABLE `favorites`
ADD CONSTRAINT `favorites_ibfk_1` FOREIGN KEY (`image_id`) REFERENCES `images` (`id`) ON DELETE CASCADE ON UPDATE CASCADE,
ADD CONSTRAINT `favorites_ibfk_2` FOREIGN KEY (`user_id`) REFERENCES `users` (`id`) ON DELETE CASCADE ON UPDATE CASCADE;

--
-- Ograniczenia dla tabeli `galleries_evaluations`
--
ALTER TABLE `galleries_evaluations`
ADD CONSTRAINT `galleries_evaluations_ibfk_1` FOREIGN KEY (`gallery_id`) REFERENCES `galleries` (`id`) ON DELETE CASCADE ON UPDATE CASCADE,
ADD CONSTRAINT `galleries_evaluations_ibfk_2` FOREIGN KEY (`user_id`) REFERENCES `users` (`id`) ON DELETE CASCADE ON UPDATE CASCADE,
ADD CONSTRAINT `galleries_evaluations_ibfk_3` FOREIGN KEY (`comment_id`) REFERENCES `comments` (`id`) ON DELETE CASCADE ON UPDATE CASCADE;

--
-- Ograniczenia dla tabeli `galleries_images`
--
ALTER TABLE `galleries_images`
ADD CONSTRAINT `galleries_images_ibfk_3` FOREIGN KEY (`gallery_id`) REFERENCES `galleries` (`id`) ON DELETE CASCADE ON UPDATE CASCADE,
ADD CONSTRAINT `galleries_images_ibfk_4` FOREIGN KEY (`image_id`) REFERENCES `images` (`id`) ON UPDATE CASCADE;

--
-- Ograniczenia dla tabeli `galleries_tags`
--
ALTER TABLE `galleries_tags`
ADD CONSTRAINT `FK_galleries_tags_galleries` FOREIGN KEY (`gallery_id`) REFERENCES `galleries` (`id`) ON DELETE CASCADE ON UPDATE CASCADE,
ADD CONSTRAINT `FK_galleries_tags_tags` FOREIGN KEY (`tag_id`) REFERENCES `tags` (`id`) ON DELETE CASCADE ON UPDATE CASCADE;

--
-- Ograniczenia dla tabeli `images`
--
ALTER TABLE `images`
ADD CONSTRAINT `images_ibfk_1` FOREIGN KEY (`user_id`) REFERENCES `users` (`id`) ON UPDATE CASCADE;

--
-- Ograniczenia dla tabeli `images_categories_temp`
--
ALTER TABLE `images_categories_temp`
ADD CONSTRAINT `images_categories_temp_ibfk_1` FOREIGN KEY (`parent_cat_id`) REFERENCES `images_categories_temp` (`id`) ON UPDATE CASCADE;

--
-- Ograniczenia dla tabeli `images_evaluations`
--
ALTER TABLE `images_evaluations`
ADD CONSTRAINT `images_evaluations_ibfk_1` FOREIGN KEY (`user_id`) REFERENCES `users` (`id`) ON DELETE CASCADE ON UPDATE CASCADE,
ADD CONSTRAINT `images_evaluations_ibfk_2` FOREIGN KEY (`image_id`) REFERENCES `images` (`id`) ON DELETE CASCADE ON UPDATE CASCADE,
ADD CONSTRAINT `images_evaluations_ibfk_3` FOREIGN KEY (`comment_id`) REFERENCES `comments` (`id`) ON DELETE CASCADE ON UPDATE CASCADE;

--
-- Ograniczenia dla tabeli `images_tags`
--
ALTER TABLE `images_tags`
ADD CONSTRAINT `images_tags_ibfk_1` FOREIGN KEY (`image_id`) REFERENCES `images` (`id`) ON DELETE CASCADE ON UPDATE CASCADE,
ADD CONSTRAINT `images_tags_ibfk_2` FOREIGN KEY (`tag_id`) REFERENCES `tags` (`id`) ON DELETE CASCADE ON UPDATE CASCADE;

--
-- Ograniczenia dla tabeli `posts`
--
ALTER TABLE `posts`
ADD CONSTRAINT `posts_ibfk_1` FOREIGN KEY (`user_id_from`) REFERENCES `users` (`id`) ON UPDATE CASCADE,
ADD CONSTRAINT `posts_ibfk_2` FOREIGN KEY (`user_id_to`) REFERENCES `users` (`id`) ON UPDATE CASCADE;

--
-- Ograniczenia dla tabeli `users_groups`
--
ALTER TABLE `users_groups`
ADD CONSTRAINT `users_groups_ibfk_2` FOREIGN KEY (`user_id`) REFERENCES `users` (`id`) ON DELETE CASCADE ON UPDATE CASCADE,
ADD CONSTRAINT `users_groups_ibfk_3` FOREIGN KEY (`group_id`) REFERENCES `groups` (`id`) ON UPDATE CASCADE;

--
-- Ograniczenia dla tabeli `views`
--
ALTER TABLE `views`
ADD CONSTRAINT `views_ibfk_1` FOREIGN KEY (`image_id`) REFERENCES `images` (`id`) ON DELETE CASCADE ON UPDATE CASCADE;

/*!40101 SET CHARACTER_SET_CLIENT=@OLD_CHARACTER_SET_CLIENT */;
/*!40101 SET CHARACTER_SET_RESULTS=@OLD_CHARACTER_SET_RESULTS */;
/*!40101 SET COLLATION_CONNECTION=@OLD_COLLATION_CONNECTION */;
